lp,slowo,liczba,label
1,być,442,AEBAA
2,się,437,EJB
3,że,324,GBBBBAB
4,on,300,EAAA
5,nie,297,GBBBA
6,breivik,269,-
7,do,258,G
8,który,170,EAB
9,to,166,EEAAA
10,o,144,GBBAA
11,osoba,140,ADAAA
12,zamach,130,ACAAAB
13,norwegii,126,-
14,norweski,120,CBA
15,wyspa,119,ADAAA
16,oslo,111,-
17,lata,109,AGDAA
18,od,107,GBBAA
19,ta,105,EDAAA
20,breivika,99,-
21,anders,98,-
22,po,98,GBBAA
23,a,94,GBBAB
24,przez,89,GBBAA
25,za,87,GBBAA
26,utoya,87,-
27,jak,86,ABAC
28,człowiek,81,AAHA
29,więzienie,79,AEBAA
30,zostać,78,BAFABD
31,rok,77,ACEA
32,dla,73,GBBAA
33,sąd,71,ACAAAAA
34,ten,70,EAABA
35,co,68,EGB
36,ma,63,EDAAB
37,ale,63,GBBBBAB
38,czy,63,EK
39,partia,62,ADACBAA
40,może,60,GBBBA
41,przed,58,GBBAA
42,zamachowiec,57,AAACBA
43,inny,56,CAB
44,taż,56,EDCA
45,europ,53,ACAAAAA
46,oraz,52,GBBAB
47,mówić,50,BBCA
48,atak,50,ACABA
49,policja,50,ADACBAA
50,premier,48,AAACAAAB
51,ofiara,48,ADAAA
52,bycie,47,AEBAA
53,prawicowy,46,CAB
54,masakra,46,ADAAA
55,bronić,46,BBCA
56,praca,45,ADACABB
57,swoja,45,EDAB
58,zginąć,44,BAEAB
59,czas,43,ACAAAAA
60,wyrok,42,ACABA
61,móc,42,BAFCABD
62,lipiec,42,ACACBC
63,ze,42,GBBBBBA
64,jeden,42,CCBA
65,europejski,42,CBA
66,jednak,40,GBBBA
67,letni,40,CBB
68,sam,39,ACAAAAA
69,polityczny,39,CAB
70,kraj,38,ACACACB
71,obóz,38,ACAAAAA
72,taki,37,EAC
73,jako,37,GBBAB
74,zabić,36,AEBAA
75,miał,35,ACAAAAA
76,kara,35,ADAAA
77,pod,35,GBBAA
78,władza,35,ADACABB
79,bomba,34,ADAAA
80,bezpieczeństwo,34,AEAAAB
81,chcieć,33,BACA
82,lub,33,GBBAB
83,wiele,33,DEBA
84,raz,33,ACAAAAA
85,r,32,-
86,życie,32,AEBAA
87,tak,32,EK
88,by,32,GBBAB
89,manifest,32,ACAAAAA
90,służba,31,ADAAA
91,terrorysta,31,AABDAA
92,kilka,31,ADAB
93,twierdzić,30,BBCA
94,gdzie,30,GBABB
95,tylko,30,GBBBA
96,państwo,29,AEAAAB
97,społeczeństwo,28,AEAAAB
98,rząd,28,ACAAAAA
99,już,28,GBBBA
100,sprawca,28,AABCBB
101,proces,27,ACAAAAA
102,warunek,27,ACABA
103,pisać,27,BAAFA
104,jeśli,26,GBBAB
105,uznać,26,BDA
106,wojna,26,ADAAA
107,według,26,GBBAA
108,strona,26,ADAAA
109,bo,26,G
110,sprawa,25,ADAAA
111,można,25,BFBA
112,powiedzieć,25,BDC
113,także,25,GBBBA
114,mina,25,ADAAA
115,świat,25,ACAABAB
116,tam,25,GBABB
117,ja,25,AEE
118,organizacja,25,ADACBAA
119,behring,24,-
120,która,24,-
121,również,24,GBBBA
122,uważać,24,BDA
123,choć,24,GBBBA
124,my,24,EIA
125,izolacja,23,ADACBAA
126,mieć,23,BDC
127,rządowy,23,CAB
128,tragedia,23,ADACBAA
129,medium,23,AED
130,wszystek,23,CCA
131,nawet,23,GBBBA
132,andersa,22,-
133,terrorystyczny,22,CAB
134,bez,22,ACAAAAA
135,informacja,22,ADACBAA
136,policjant,22,AAADAA
137,traktowanie,22,AEBAA
138,kiedy,22,GBABB
139,prawić,21,BBCA
140,kar,21,ACAAAAA
141,godzina,21,ADAAA
142,dzień,21,ACABBB
143,skazać,21,BAAFA
144,nowy,21,CAB
145,jeszcze,21,GBABB
146,członek,21,AAAAB
147,alba,21,ADAAA
148,wolność,21,ADCCA
149,żeby,21,GBBBBAA
150,centrum,20,AED
151,adwokat,20,AAADAA
152,napisać,20,BAAFA
153,imigrant,20,AAADAA
154,gra,20,ADAAA
155,morderca,19,AABCBB
156,podczas,19,GBBAA
157,najwyższy,19,CAB
158,ona,19,EDAB
159,strzelać,19,BDA
160,norwegia,19,-
161,dostęp,19,ACAAAAA
162,przyznać,19,BDA
163,musieć,19,BBBA
164,kolejny,19,CAB
165,budynek,19,ACABA
166,drugi,19,CBA
167,mężczyzna,19,AABDAB
168,jej,19,GAB
169,więzienny,18,CAB
170,której,18,-
171,wybuch,18,ACAAAB
172,dzielnica,18,ADACABB
173,uczestnik,18,AAACBA
174,wydarzenie,18,AEBAA
175,ponad,18,GBBAA
176,odbywać,18,BDA
177,cały,18,CAB
178,nieludzki,18,CBA
179,skarżyć,18,BCCA
180,gdy,18,GBBAB
181,Internet,18,ACAAAAA
182,bardzo,17,FA
183,stwierdzić,17,BBCA
184,zagrożenie,17,AEBAA
185,zdanie,17,AEBAA
186,zbrodnia,17,ADACBAA
187,polityka,17,AAACBA
188,młodzieżówki,17,-
189,polityk,17,AAACBA
190,ręka,17,ADACBABB
191,kontakt,17,ACAAAAA
192,swa,17,EDAAB
193,strzelanina,16,ADAAA
194,osiem,16,DBBA
195,brak,16,ACABA
196,ostatni,16,CBB
197,cel,16,ACACACB
198,korespondencja,16,ADACBAA
199,grupa,16,ADAAA
200,zmiana,16,ADAAA
201,największy,16,CAB
202,polski,16,ACD
203,stać się,16,-
204,teraz,16,FC
205,stan,16,ACAAAAA
206,czyn,16,ACAAAAA
207,pierwsza,16,ADACCBA
208,prawica,16,ADACABB
209,np,16,-
210,opowiadać,16,BDA
211,prawo,15,AEAAAB
212,wniosek,15,ACABA
213,więcej,15,FC
214,możliwość,15,ADCCA
215,śmierć,15,ADCCA
216,historia,15,ADACBAA
217,radykalny,15,CAB
218,lewicowy,15,CAB
219,dokonać,15,BDA
220,wybuchowy,15,CAB
221,rodzina,15,ADAAA
222,terror,15,ACAAAAA
223,dziś,15,ACF
224,ekstremista,15,AABDAA
225,stoltenberg,15,-
226,pot,15,ACAAAAA
227,muzułmański,15,CBA
228,wszyscy,15,AFEC
229,jaki,14,ABAC
230,przebywać,14,BDA
231,samochód,14,ACAAAAA
232,słowo,14,AEAAAB
233,piątek,14,ACABA
234,kontrola,14,ADACBAA
235,wielki,14,CBA
236,przeciwko,14,GBBAA
237,wiedzieć,14,BDC
238,we,14,GBBAA
239,nienawiść,14,ADCCA
240,terroryzm,14,ACAAAAA
241,młodzież,14,ADCAB
242,maić,14,BBCA
243,odrzucić,14,BBCA
244,mijać,14,BDA
245,m,14,-
246,zacząć,14,BAFCB
247,najmniej,14,FC
248,skrajny,14,CAB
249,więzień,14,AEBAA
250,islam,14,ACAAAAA
251,zachód,14,ACAAAAA
252,swój,13,EAABA
253,skrajnie,13,FB
254,brać,13,ADCAAA
255,powinien,13,BFCA
256,norweg,13,-
257,jedynie,13,GBBBA
258,ekstremizm,13,ACAAAAA
259,muzułmanin,13,AAABAA
260,dziecko,13,AEADB
261,nizać,13,BAAFA
262,jakiś,13,EAF
263,wielokulturowości,13,-
264,czyli,13,GBBAB
265,lecz,13,GBBAB
266,bombowy,12,CAB
267,większość,12,ADCCA
268,zrobić,12,BBCA
269,wymiar,12,ACAAAAA
270,dojść,12,AEBAA
271,przeżyć,12,AEBAA
272,raport,12,ACAAAAA
273,środek,12,ACABBA
274,wynikać,12,BDA
275,żaden,12,CCBBA
276,materiał,12,ACAAAAA
277,związek,12,ACABA
278,okazać,12,BAAFA
279,dwa,12,DABB
280,strzał,12,ACAAAAA
281,pojawić się,12,-
282,część,12,ADCCA
283,ówczesny,12,CAB
284,chrześcijański,12,CBA
285,rocznica,12,ADACABB
286,ranna,12,ADACCBA
287,nadal,12,FC
288,przy,12,GBBAA
289,siedziba,12,ADAAA
290,młoda,12,ADACCBA
291,trzeba,12,BFBA
292,skarga,12,ADAB
293,ideologia,12,ADACBAA
294,później,12,FC
295,napastnik,12,AAACBA
296,pracoń,12,-
297,znaleźć,12,BAFCAA
298,telewizja,12,ADACBAA
299,bardziej,12,FC
300,nikt,12,EFA
301,pomoc,11,ADCAB
302,norwegię,11,-
303,uwaga,11,ADAB
304,mundur,11,ACAAAAA
305,przemoc,11,ADCAB
306,należeć,11,BCBA
307,domagać się,11,-
308,klient,11,AAADAA
309,lippestad,11,-
310,grozić,11,BBCA
311,głównie,11,FC
312,właśnie,11,GBBBA
313,wzgląd,11,ACAAAAAB
314,miejsce,11,AEBAA
315,nigdy,11,GBABB
316,nasi,11,AFFB
317,udział,11,ACAAAAA
318,jens,11,-
319,sposobić,11,BBCA
320,stolica,11,ADACABB
321,kto,11,EFB
322,więc,11,GBBAB
323,miasto,11,AEAAAB
324,islamski,11,CBA
325,walka,11,ADABA
326,ojciec,11,AAAAAB
327,nastolatek,10,AAADBA
328,ani,10,GBBBA
329,którą,10,-
330,odsiadywać,10,BAAB
331,przestępstwo,10,AEAAAB
332,możliwy,10,CAB
333,specjalny,10,CAB
334,eksplozja,10,ADACBAA
335,między,10,GBBAA
336,sierpień,10,ACACBAA
337,tłumaczyć,10,BCCA
338,obrona,10,ADAAA
339,pistolet,10,ACAAAAA
340,problem,10,ACAAAAA
341,przypadek,10,ACABA
342,strach,10,ABABAAB
343,działać,10,BDA
344,aby,10,GBBBBAB
345,każdy,10,AAEC
346,pozbawienie,10,AEBAA
347,zwolnienie,10,AEBAA
348,zabijać,10,BDA
349,pracować,10,BAAA
350,istnieć,10,BAD
351,wydawać,10,BAAE
352,oddać,10,BDC
353,wtedy,10,GBABB
354,ładunek,10,ACABA
355,zbyt,10,ACAAAAA
356,światowy,10,CAB
357,dwie,10,DABCA
358,nim,10,GBBAB
359,czuć,10,AEBAA
360,list,10,ACAAAAA
361,wiadomo,10,BFBA
362,gazeta,10,ADAAA
363,kościół,10,ACAABAA
364,szalony,10,AAEC
365,myśl,9,ADCCA
366,dlatego,9,G
367,kwiecień,9,ACACBAA
368,psychiczny,9,CAB
369,klub,9,ACAAAAA
370,szkoła,9,ADAAA
371,geir,9,-
372,zwolennik,9,AAACBA
373,otworzyć,9,BCCA
374,głowa,9,ADAAA
375,książka,9,ADAB
376,akt,9,ACAAAAA
377,masowy,9,CAB
378,główny,9,CAB
379,tuż,9,GBBBBBB
380,wówczas,9,FC
381,przedterminowy,9,CAB
382,ekspert,9,AAADAA
383,zastrzelić,9,BBCA
384,przeciw,9,GBBAA
385,pochodzenie,9,AEBAA
386,godz,9,-
387,młodzieżowy,9,CAB
388,lepszy,9,CAB
389,wielokrotnie,9,FC
390,natomiast,9,GBBAB
391,konwencja,9,ADACBAA
392,poddać,9,BDC
393,wtorek,9,ACABA
394,temat,9,ACAAAAA
395,demokracja,9,ADACBAA
396,świadek,9,AAAAB
397,nic,9,EGA
398,ruch,9,ACAAAB
399,coś,9,EGC
400,przegrać,8,BDA
401,pobyt,8,ACAAAAA
402,prawnik,8,AAACBA
403,wynik,8,ACABA
404,opublikowany,8,BAAA
405,powstrzymać,8,BDA
406,duży,8,CAB
407,ochrona,8,ADAAA
408,nazwisko,8,AEAAAA
409,rozpocząć,8,BAFCB
410,działania,8,AGDAA
411,ograniczenie,8,AEBAA
412,nawóz,8,ACAAAAA
413,rzecz,8,ADCB
414,dziennik,8,ACABBA
415,pojawiać się,8,-
416,ogień,8,ACACBAA
417,próba,8,ADAAA
418,źródło,8,AEAAAB
419,współczesny,8,AAEC
420,społeczny,8,CAB
421,jeść,8,BDD
422,podkreślić,8,BBCA
423,zmienić,8,BBCA
424,nazywać,8,BDA
425,nad,8,GBBAA
426,wciąż,8,FC
427,wobec,8,G
428,popełnić,8,BBCA
429,apelacyjny,8,CAB
430,zabity,8,BAFB
431,wysłać,8,BAAFA
432,częsty,8,CAB
433,głos,8,ACAAAAA
434,droga,8,ADAB
435,oko,8,AEAAAA
436,adrian,8,-
437,młody,8,AAEC
438,gdyż,8,GBBAB
439,postęp,8,ACAAAAA
440,tortura,8,ADAAA
441,neonazista,8,AABDAA
442,sobota,8,ADAAA
443,rządzący,8,AAEB
444,różny,8,CAB
445,usa,8,-
446,islamista,8,AABDAA
447,agencja,7,ADACBAA
448,poniedziałek,7,ACABA
449,storrvik,7,-
450,gdyby,7,GBBAB
451,policyjny,7,CAB
452,oznaczać,7,BDA
453,zakład,7,ACAAAAA
454,trwać,7,BDA
455,kilkadziesiąt,7,DBFA
456,sprawiedliwość,7,ADCCA
457,wpływ,7,ACAAAAA
458,minister,7,AAAAAA
459,takiej,7,-
460,dyskusja,7,ADACBAA
461,mowa,7,ADAAA
462,poważny,7,CAB
463,nauka,7,ADAB
464,podobny,7,CAB
465,wśród,7,GBBAA
466,wymierzony,7,CAB
467,przeprowadzić,7,BBCA
468,okres,7,ACAAAAA
469,rozmowa,7,ADAAA
470,tragiczny,7,CAB
471,prowadzić,7,BBCA
472,ponieważ,7,GBBAB
473,potrzebować,7,BAAA
474,gotowy,7,CAB
475,widzieć,7,BBBA
476,tyle,7,EHBA
477,imię,7,AECB
478,zabicie,7,AEBAA
479,opublikować,7,BAAA
480,ideologiczny,7,CAB
481,najbardziej,7,FC
482,rzekomy,7,CAB
483,zarówno,7,FC
484,podobać się,7,-
485,otwarty,7,CAB
486,ii,7,-
487,piątkowy,7,CAB
488,znajdować,7,BAAA
489,półtorej,7,DF
490,niektóry,7,AAEB
491,tydzień,7,ACACBAA
492,przebywający,7,BDA
493,naśladowca,7,AABCBB
494,deklaracja,7,ADACBAA
495,niepodległość,7,ADCCA
496,marsz,7,ABAAAB
497,narzekać,7,BDA
498,ugrupowanie,7,AEBAA
499,zdjęcie,7,AEBAA
500,niestety,7,GBBBA
501,instancja,7,ADACBAA
502,traktować,7,BAAA
503,uznawać,7,BAAE
504,zatrzymać,7,BDA
505,uniwersytet,7,ACAAAAA
506,próbować,7,BAAA
507,strajk,7,ACABA
508,głodowy,7,CAB
509,święta,7,ADACCBA
510,większy,7,CAB
511,rosyjski,7,ACD
512,mieszkaniec,7,AAACBA
513,doświadczenie,7,AEBAA
514,angielski,7,ACD
515,kupić,7,BBCA
516,syn,7,AAAAB
517,dać,7,BDC
518,abw,7,-
519,tekst,7,ACAAAAA
520,europa,7,-
521,ks,7,-
522,pozwać,6,BAAFB
523,powód,6,AAAAAA
524,badanie,6,AEBAA
525,wyglądać,6,BDA
526,stracić,6,BBCA
527,znany,6,BDA
528,decyzja,6,ADACBAA
529,krytyczny,6,CAB
530,poinformować,6,BAAA
531,zarzut,6,ACAAAAA
532,przepis,6,ACAAAAA
533,wyciągnąć,6,BAEAA
534,obecnie,6,GBABB
535,strzelecki,6,CBA
536,wiek,6,ACABA
537,sztuczny,6,CAB
538,podać,6,BDC
539,obrońca,6,AABCBB
540,psychicznie,6,FB
541,robić,6,BBCA
542,tłumacz,6,AAABD
543,psychiatra,6,AABCBAB
544,mimo,6,GBBAA
545,przyjaciel,6,AAABBB
546,publiczny,6,CAB
547,narodowy,6,CAB
548,dokładnie,6,FB
549,zdetonować,6,BAAA
550,rasizm,6,ACAAAAA
551,dotrzeć,6,BABA
552,własny,6,CAB
553,dodać,6,BDC
554,zdrowy,6,AAEC
555,wyjście,6,AEBAA
556,swoboda,6,ADAAA
557,rozprawa,6,ADAAA
558,skutek,6,ACABA
559,pierwszy,6,CAB
560,relacja,6,ADACBAA
561,osadzić,6,BBCA
562,konieczny,6,CAB
563,udać,6,BDC
564,wyjść,6,AEBAA
565,łączeń,6,AEBAA
566,podłożyć,6,BCCA
567,wziąć,6,BAFCAC
568,kwiat,6,ACAAAAA
569,najpierw,6,FC
570,siedzieć,6,BBBA
571,obecny,6,AAEC
572,król,6,AAAAB
573,karabin,6,ACAAAAA
574,norwegów,6,-
575,krwawy,6,CAB
576,odpowiedzialny,6,CAB
577,możliwości,6,AGBC
578,dramat,6,ACAAAAA
579,około,6,GBBBBBB
580,pobliże,6,AEBAB
581,dokument,6,ACAAAAA
582,reakcja,6,ADACBAA
583,przejść,6,AEBAA
584,żądać,6,BDA
585,liga,6,ADAB
586,opisywać,6,BAAB
587,wywiad,6,ACAAAAA
588,początek,6,ACABA
589,pogląd,6,ACAAAAA
590,zachodni,6,CBB
591,siedem,6,DBBA
592,ulica,6,ADACABB
593,zapobiec,6,BAFAAB
594,poniżający,6,BDA
595,poprzez,6,GBBAA
596,kwestia,6,ADACBAA
597,prawdziwy,6,CAB
598,firma,6,ADAAA
599,substancja,6,ADACBAA
600,chodzić,6,BBCA
601,młodzieżówka,6,-
602,groźny,6,CAB
603,zabójca,6,AABCBB
604,tys,6,-
605,autor,6,AAACAAAB
606,playstation,6,-
607,ląd,6,ACAAAAA
608,dodatek,6,ACABA
609,handlowy,6,CAB
610,telefon,6,ACAAAAA
611,woda,6,ADAAA
612,bezpieczny,6,CAB
613,prostu,6,-
614,łódź,6,ADCAAA
615,wróg,6,AAAAB
616,szwedzki,6,CBA
617,templariusz,6,AAABD
618,liberalny,6,CAB
619,utrzymywać,6,BAAB
620,adres,6,ACAAAAA
621,chemiczny,6,CAB
622,wola,6,ADACBAA
623,zamordować,5,BAAA
624,przekonywać,5,BAAB
625,wytoczyć,5,BCCA
626,myśleć,5,BBBA
627,dobro,5,AEAAAA
628,złożyć,5,BCCA
629,dobre,5,AEBBB
630,andreas,5,-
631,dokonany,5,BDA
632,najważniejszy,5,CAB
633,komisja,5,ADACBAA
634,jensa,5,-
635,stoltenberga,5,-
636,wcześniej,5,FC
637,trzy,5,DBAA
638,akcja,5,ADACBAA
639,analiza,5,ADAAA
640,center,5,AAACAAAB
641,system,5,ACAAAAA
642,urzędnik,5,AAACBA
643,posłużyć,5,BCCA
644,wyższy,5,CAB
645,islamizacja,5,ADACBAA
646,zamknięty,5,BAEAA
647,dotyczący,5,CAA
648,podobnie,5,FB
649,uzbroić,5,BBCA
650,pozwolenie,5,AEBAA
651,zdrowie,5,AEBAC
652,parlament,5,ACAAAAA
653,wystarczyć,5,BCCA
654,prawie,5,GBBBA
655,wskazywać,5,BAAB
656,chory,5,AAEB
657,prokuratura,5,ADAAA
658,chociaż,5,GBBBA
659,film,5,ACAAAAA
660,inspiracja,5,ADACBAA
661,związany,5,BAAFA
662,ośrodek,5,ACABBA
663,zawsze,5,GBABB
664,utoyi,5,-
665,uroczystość,5,ADCCA
666,najgorszy,5,AEBAB
667,wybuchnąć,5,BAEAA
668,jaką,5,-
669,środa,5,ADAAA
670,przedłużenie,5,AEBAA
671,czwartek,5,ACABA
672,studiować,5,BAAA
673,sześć,5,DBBA
674,niebezpieczny,5,CAB
675,punkt,5,ACAAAAA
676,sędzia,5,AABAA
677,wyrazić,5,BBCA
678,przyjąć,5,BAFCB
679,nato,5,-
680,potrzeba,5,ADAAA
681,faszystowski,5,CBA
682,dostać,5,BAFABD
683,trybunał,5,ACAAAAA
684,południe,5,AEBAC
685,uciec,5,BAFAAB
686,eksplodować,5,BAAA
687,wstrząsnąć,5,BAEAA
688,obcy,5,AAEB
689,promień,5,ACACBAA
690,pozbyć się,5,-
691,pułapka,5,ADAB
692,moment,5,ACAAAAA
693,ubrać,5,BAAFA
694,glock,5,-
695,jednocześnie,5,FB
696,obywatel,5,AAABCA
697,prezydent,5,AAADAA
698,fakt,5,ACAAAAA
699,jakość,5,ADCCA
700,sytuacja,5,ADACBAA
701,czerpać,5,BAAFA
702,kobieta,5,ADAAA
703,chłopiec,5,AAACAB
704,mieszkać,5,BDA
705,skończyć,5,BCCA
706,długo,5,FA
707,znać,5,BDA
708,polak,5,-
709,dlaczego,5,G
710,odłamek,5,ACABBA
711,przechodzić,5,BBCA
712,studia,5,AGDB
713,luty,5,ACAAAAA
714,znieść,5,BAFCAA
715,zaatakować,5,BAAA
716,utożsamiać,5,BDA
717,zarzucany,5,BDA
718,inwazja,5,ADACBAA
719,trzymanie,5,AEBAA
720,artykuł,5,ACAAAAA
721,skazany,5,BAAFA
722,zewnętrzny,5,CAB
723,zgoda,5,ADAAA
724,zamiast,5,GBBAA
725,walczyć,5,BCCA
726,dopóki,5,GBAA
727,demokratyczny,5,CAB
728,wartość,5,ADCCA
729,ewentualny,5,CAB
730,kłopot,5,ACAAAAA
731,potwierdzić,5,BBCA
732,rosji,5,-
733,poza,5,ADAAA
734,niemiecki,5,ACD
735,zapisać,5,BAAFA
736,wysepka,5,ADAB
737,obywatelski,5,CBA
738,założyć,5,BCCA
739,przerażony,5,BBCA
740,spokojny,5,CAB
741,wieczorem,5,FC
742,internetowych,5,-
743,śledztwo,5,AEAAAB
744,wzór,5,ACAAAAA
745,rycerz,5,AAABD
746,spodziewać się,5,-
747,poprawność,5,ADCCA
748,polsce,5,-
749,szukać,5,BDA
750,przyznawać,5,BAAE
751,otwartość,5,ADCCA
752,tolerancja,5,ADACBAA
753,ktoś,5,EFC
754,ue,5,-
755,wierzyć,5,BCCA
756,mama,5,ADAAA
757,zapewne,5,GBBBA
758,lippestadt,5,-
759,komórka,5,ADAB
760,matka,5,ADAB
761,homogeniczny,5,CAB
762,podawać,4,BAAE
763,samobójczy,4,CAA
764,radzić,4,BBCA
765,sala,4,ADACBABA
766,dyspozycja,4,ADACBAA
767,zapowiedzieć,4,BDC
768,przedłużony,4,CAB
769,reprezentować,4,BAAA
770,dobry,4,CAA
771,pokazywać,4,BAAB
772,uniknąć,4,BAEAA
773,ws,4,-
774,zimny,4,CAB
775,behringa,4,-
776,chyba,4,GBBBA
777,wczoraj,4,ACF
778,aresztować,4,BAAA
779,kluczowy,4,CAB
780,zły,4,ABC
781,uciekać,4,BDA
782,wymieniony,4,BBCA
783,zgadzać się,4,-
784,maszynowy,4,CAB
785,projekt,4,ACAAAAA
786,zmieniać,4,BDA
787,forma,4,ADAAA
788,stawiać,4,BDA
789,szwecji,4,-
790,używać,4,BDA
791,granica,4,ADACABB
792,skoro,4,GBBAB
793,sądzić,4,BBCA
794,prawda,4,ADAAA
795,dotyczyć,4,BCCA
796,ciało,4,AEAAAB
797,viljar,4,-
798,pięcie się,4,-
799,organizator,4,AAACAAAB
800,konferencja,4,ADACBAA
801,lęk,4,ACABA
802,poczucie,4,AEBAA
803,pytanie,4,AEBAA
804,dzisiejszy,4,CAB
805,znajda,4,AABCBAA
806,przedstawiciel,4,AAABCA
807,kultura,4,ADAAA
808,opinia,4,ADACBAA
809,postawa,4,ADAAA
810,psychologiczny,4,CAB
811,typ,4,AAACAAAB
812,swoisty,4,CAB
813,konserwatywny,4,CAB
814,marksizm,4,ACAAAAA
815,mniejszość,4,ADCCA
816,międzynarodowy,4,CAB
817,of,4,-
818,papa,4,AABABA
819,fahre,4,-
820,zorganizować,4,BAAA
821,bliski,4,CBA
822,dopiero,4,GBBBA
823,spotkanie,4,AEBAA
824,współpracować,4,BAAA
825,brytanii,4,-
826,szczególnie,4,FB
827,karny,4,ABC
828,pozostać,4,BAFABD
829,prasowy,4,CAB
830,odbywanie,4,AEBAA
831,silny,4,CAB
832,przybyć,4,AEBAA
833,chęć,4,ADCCA
834,dzisiaj,4,ACF
835,odkąd,4,GBAA
836,krótki,4,CBA
837,szef,4,AAAAAA
838,dekada,4,ADAAA
839,zabrać,4,BAAFA
840,zdołać,4,BDA
841,niedaleko,4,FC
842,przeżycie,4,AEBAA
843,udawać,4,BAAE
844,martwy,4,AAEC
845,korzystać,4,BDA
846,załamanie,4,AEBAA
847,milczenie,4,AEBAA
848,naród,4,ACAAAAA
849,zjednoczony,4,CAB
850,unia,4,ADACBAA
851,wyraz,4,ACAAAAA
852,ziemia,4,ADACBABA
853,działalność,4,ADCCA
854,izolować,4,BAAA
855,nazwa,4,ADAAA
856,określić,4,BBCA
857,tv,4,-
858,lubić,4,BBCA
859,czerwony,4,CAB
860,iraku,4,-
861,dorosły,4,AAEC
862,kancelaria,4,ADACBAA
863,wygląd,4,ACAAAAA
864,pogodzić,4,BBCA
865,moi,4,AFFC
866,dzwonić,4,BBCA
867,automatyczny,4,CAB
868,kamień,4,ACACBAA
869,zrezygnować,4,BAAA
870,coraz,4,GBABB
871,liczący,4,CAA
872,zapowiadać,4,BDA
873,milion,4,ACAABAA
874,zapewniać,4,BDA
875,iż,4,GBBAB
876,jedzenie,4,AEBAA
877,szok,4,ACABA
878,tysiąc,4,ABAAC
879,orzec,4,BAFAABA
880,sprzeczny,4,CAB
881,karanie,4,AEBAA
882,poszanowanie,4,AEBAA
883,prywatny,4,CAB
884,skien,4,-
885,konflikt,4,ACAAAAA
886,potrzebny,4,CAB
887,breivikowi,4,-
888,oglądać,4,BDA
889,obie,4,DABCA
890,zachowanie,4,AEBAA
891,dopuszczać,4,BDA
892,potrwać,4,BDA
893,zamordowanie,4,AEBAA
894,przedłużanie,4,AEBAA
895,wygrać,4,BDA
896,humanitarny,4,CAB
897,zgodzić,4,BBCA
898,oskarżać,4,BDA
899,ujawnić,4,BBCB
900,przedstawiać,4,BDA
901,okno,4,AEAAAB
902,konsola,4,ADACBAA
903,teren,4,ACAAAAA
904,amunicja,4,ADACBAA
905,spełniać,4,BDA
906,podstawowy,4,CAB
907,długoletni,4,CBB
908,bowiem,4,GBBAB
909,model,4,AAABCA
910,pieniądz,4,ACACBBB
911,ostrzegać,4,BDA
912,przestać,4,BAFABD
913,atakować,4,BAAA
914,londynie,4,-
915,liczba,4,ADAAA
916,decydowany,4,BAAA
917,zobaczyć,4,BCCA
918,ton,4,ACAAAAA
919,facebooku,4,-
920,miłośnik,4,AAACBA
921,dworzec,4,ACACBC
922,panować,4,BAAA
923,dużo,4,DF
924,zdążyć,4,BCCA
925,sieć,4,ADCCA
926,poprosić,4,BBCA
927,uwięziony,4,CAB
928,chować,4,BDA
929,harlem,4,-
930,brundtland,4,-
931,zagrozić,4,BBCA
932,deportacja,4,ADACBAA
933,km,4,-
934,zaniepokojony,4,BBCA
935,pokazać,4,BAAFA
936,przyjechać,4,BAAFA
937,usiłować,4,BAAA
938,ukrywać,4,BDA
939,bać się,4,-
940,siostra,4,ADAAA
941,apel,4,ACACAA
942,kontaktować,4,BAAA
943,dobijać,4,BDA
944,natychmiast,4,FC
945,churchilla,4,-
946,federalny,4,CAB
947,oklahoma,4,-
948,city,4,-
949,miesiąc,4,ACACBBA
950,debata,4,ADAAA
951,krytykować,4,BAAA
952,wersja,4,ADACBAA
953,zdrajca,4,AABCBB
954,kulturowy,4,CAB
955,misja,4,ADACBAA
956,imigracja,4,ADACBAA
957,elita,4,ADAAA
958,mln,4,-
959,młodość,4,ADCCA
960,siła,4,ADAAA
961,podjąć,4,BAFCB
962,wildersa,4,-
963,wysadzić,4,BBCA
964,wrzesień,4,ACACBAA
965,mord,4,ACAAAAA
966,ilość,4,ADCCA
967,dostępny,4,CAB
968,przecież,4,GBBBA
969,łukasz,4,-
970,znaczenie,4,AEBAA
971,nasz,4,EAABA
972,rzeczywistość,4,ADCCA
973,cytować,4,BAAA
974,podstawa,4,ADAAA
975,putin,4,-
976,ku,4,GBBAA
977,niewinny,4,CAB
978,powoływać,4,BAAB
979,geller,4,-
980,najpewniej,4,FC
981,wynikający,4,BDA
982,fundamentalizm,4,-
983,przesłuchanie,4,AEBAA
984,znaczyć,4,BCCA
985,taką,4,-
986,łamać,3,BAAFA
987,zakończyć,3,BCCA
988,fanatyk,3,AAACBA
989,zeznać,3,BDA
990,codziennie,3,FC
991,uciążliwy,3,CAB
992,pozywać,3,BDA
993,zwrócić,3,BBCA
994,prośba,3,ADAAA
995,naruszenie,3,AEBAA
996,złagodzenie,3,AEBAA
997,samopoczucie,3,AEBAA
998,wykonać,3,BDA
999,breivikiem,3,-
1000,oświadczenie,3,AEBAA
1001,teza,3,ADAAA
1002,pewność,3,ADCCA
1003,głosić,3,BBCA
1004,ślad,3,ACAAAAA
1005,relacjonować,3,BAAA
1006,przeprowadzony,3,BBCA
1007,zawieść,3,BAFCAA
1008,ponadto,3,GBBBA
1009,przebieg,3,ACABA
1010,spotykać,3,BDA
1011,funkcjonariusz,3,AAABD
1012,przygotowany,3,BAAA
1013,stawiany,3,BDA
1014,skala,3,ADACBABA
1015,ogłosić,3,BBCA
1016,wielokulturowością,3,-
1017,psychiatryczny,3,CAB
1018,posiadanie,3,AEBAA
1019,zdobycie,3,AEBAA
1020,przygotowywać,3,BAAB
1021,domowy,3,CAB
1022,umożliwić,3,BBCA
1023,szaleniec,3,AAACBA
1024,cudzoziemiec,3,AAACAAAA
1025,półautomatyczny,3,CAB
1026,toczyć,3,BCCA
1027,uczestniczyć,3,BCCA
1028,reszta,3,ADAAA
1029,hanssen,3,-
1030,produkcja,3,ADACBAA
1031,opowiadający,3,BDA
1032,utya,3,-
1033,krucjata,3,ADAAA
1034,bohater,3,AAAAAA
1035,opowiedzieć,3,BDC
1036,wspólnota,3,ADAAA
1037,odpowiedzieć,3,BDC
1038,symbol,3,ACACAA
1039,przyczyna,3,ADAAA
1040,wewnętrzny,3,CAB
1041,motywować,3,BAAA
1042,jedności,3,AGBC
1043,przedmiot,3,ACAAAAA
1044,często,3,FA
1045,osobowość,3,ADCCA
1046,dzieciństwo,3,AEAAAB
1047,zaburzenia,3,AGDAA
1048,mój,3,EAABA
1049,upamiętniający,3,BDA
1050,królewski,3,CBA
1051,dumny,3,CAB
1052,konsekwencja,3,ADACBAA
1053,koncert,3,ACAAAAA
1054,współpraca,3,ADACABB
1055,wsparcie,3,AEBAA
1056,wyłącznie,3,GBBBA
1057,interes,3,ACAAAAA
1058,zaplanować,3,BAAA
1059,najsurowszy,3,CAB
1060,wcześniejszy,3,CAB
1061,ocenić,3,BBCA
1062,specjalista,3,AABDAA
1063,powrót,3,ACAAAAA
1064,odpowiadać,3,BDA
1065,cierpieć,3,BBBA
1066,następnie,3,FC
1067,codzienny,3,CAB
1068,uznanie,3,AEBAA
1069,oystein,3,-
1070,odwoływać,3,BAAB
1071,styczeń,3,ACACBAA
1072,skrucha,3,ADAAA
1073,możliwe,3,GBABA
1074,prokurator,3,AAACAAAB
1075,oddalić,3,BBCA
1076,południowy,3,CAB
1077,ryzyko,3,AEAAAA
1078,współczucie,3,AEBAA
1079,dokonanie,3,AEBAA
1080,hołd,3,ACAAAAA
1081,magnus,3,-
1082,erna,3,-
1083,solberg,3,-
1084,cześć,3,ADCCA
1085,umocnić,3,BBCB
1086,biały,3,CAB
1087,rasa,3,ADAAA
1088,gest,3,ACAAAAA
1089,odpowiedź,3,ADCCA
1090,zaplanowany,3,BAAA
1091,sum,3,ABABAAA
1092,szefowa,3,ADACCAA
1093,ciąg,3,ACABA
1094,wskazać,3,BAAFA
1095,dalszy,3,CAB
1096,odbyć,3,AEBAA
1097,katedra,3,ADAAA
1098,v,3,-
1099,twierdza,3,ADACABB
1100,dom,3,ACAAAB
1101,akceptować,3,BAAA
1102,dochodzić,3,BBCA
1103,tymczasem,3,GBABB
1104,por,3,ABABAAA
1105,biuro,3,AEAAAB
1106,proca,3,ADACABB
1107,uszkodzić,3,BBCA
1108,dążyć,3,BCCA
1109,zadzwonić,3,BBCA
1110,rozesłać,3,BAAFA
1111,rodzaj,3,ACACACB
1112,mini,3,AEE
1113,ramia,3,ADACBAA
1114,wybór,3,ACAAAAA
1115,przesłać,3,BAAFA
1116,wzrosnąć,3,BAEB
1117,członkostwo,3,AEAAAB
1118,wezwanie,3,AEBAA
1119,stanąć,3,BAEAB
1120,pozwalać,3,BDA
1121,podejmować,3,BAAA
1122,zarzucić,3,BBCA
1123,wiedza,3,ADACABB
1124,najmłodszy,3,CAB
1125,pełny,3,CAB
1126,leżący,3,CAA
1127,plan,3,ACAAAAA
1128,aż,3,GBBBA
1129,kolej,3,ADCAAA
1130,program,3,ACAAAAA
1131,ogół,3,ACAAAAA
1132,cud,3,ACAAAAA
1133,doprowadzić,3,BBCA
1134,ponieść,3,BAFCAA
1135,przeciwny,3,CAB
1136,pomóc,3,BAFCAB
1137,zależeć,3,BCBA
1138,pójść,3,BAFCAA
1139,niedawno,3,FC
1140,pseudonim,3,ACAAAAA
1141,wojskowy,3,AAEC
1142,sprzed,3,GBBAA
1143,potworny,3,CAB
1144,założenie,3,AEBAA
1145,współrządzący,3,CAA
1146,wywołać,3,BDA
1147,nazwać,3,BAAFB
1148,wzywać,3,BDA
1149,rygorystyczny,3,CAB
1150,wykluczać,3,BDA
1151,zarejestrowany,3,BAAA
1152,częściowo,3,FC
1153,art,3,-
1154,odwołać,3,BDA
1155,humanitarnie,3,FB
1156,plastikowy,3,CAB
1157,stronicowym,3,-
1158,rozpoczęcie,3,AEBAA
1159,rozmawiać,3,BDA
1160,wytłumaczyć,3,BCCA
1161,przedłużany,3,BDA
1162,korespondowanie,3,AEBAA
1163,porządek,3,ACABA
1164,fundamentalny,3,CAB
1165,stosowanie,3,AEBAA
1166,osobisty,3,CAB
1167,zdecydować,3,BAAA
1168,cztery,3,DBAA
1169,komputer,3,ACAABAA
1170,przykład,3,ACAAAAA
1171,tłum,3,ACAAAAA
1172,ograniczać,3,BDA
1173,złamanie,3,AEBAA
1174,odosobnienie,3,AEBAA
1175,pamięć,3,ADCCA
1176,poznać,3,BDA
1177,cela,3,ADACBABA
1178,powiązanie,3,AEBAA
1179,mestad,3,-
1180,wyjaśnić,3,BBCB
1181,wysłany,3,BAAFA
1182,rower,3,ACAAAAA
1183,bezpośredni,3,CBB
1184,daniel,3,ABAABA
1185,portal,3,ACACAA
1186,zbudować,3,BAAA
1187,wymóg,3,ACABA
1188,trzymać,3,BDA
1189,zasada,3,ADAAA
1190,moc,3,ADCAB
1191,obawiać się,3,-
1192,latka,3,AGDAA
1193,postanowić,3,BBCA
1194,prowadzenie,3,AEBAA
1195,nowszy,3,-
1196,współwięzień,3,AAAAB
1197,grać,3,BDA
1198,ila,3,-
1199,znów,3,GBBBA
1200,torturować,3,BAAA
1201,oczekiwania,3,AGDAA
1202,wymiana,3,ADAAA
1203,znaczek,3,ACABBA
1204,sprawdzany,3,BDA
1205,oczekiwać,3,BAAC
1206,szpital,3,ACACBAA
1207,noc,3,ADCAB
1208,przebrać,3,BAAFA
1209,twitterze,3,-
1210,konserwatysta,3,AABDAA
1211,kulturystyka,3,ADAB
1212,interesować,3,BAAA
1213,dowód,3,ACAAAAA
1214,czytać,3,BDA
1215,ranić,3,BBCA
1216,minuta,3,ADAAA
1217,podejrzana,3,ADACCBA
1218,pewnie,3,FB
1219,helikopter,3,ACAABAA
1220,rana,3,ADAAA
1221,żołnierz,3,AAABD
1222,karykatura,3,ADAAA
1223,mahometa,3,-
1224,mieszek,3,ACABBA
1225,działacz,3,AAABD
1226,wprost,3,GBABB
1227,cofnąć,3,BAEAA
1228,nacjonalista,3,AABDAA
1229,pole,3,AEBAA
1230,wiadomości,3,AGBC
1231,mortensen,3,-
1232,ważny,3,CAB
1233,sięgnąć,3,BAEAA
1234,gdzieś,3,GBABB
1235,łóżko,3,AEAAAA
1236,wejść,3,AEBAA
1237,kochać,3,BDA
1238,ty,3,EIA
1239,dźwięk,3,ACABA
1240,przerażająco,3,FC
1241,metodyczny,3,CAB
1242,jednostka,3,ADAB
1243,najprawdopodobniej,3,FC
1244,stać,3,BAFABD
1245,breiviku,3,-
1246,legalny,3,CAB
1247,mcveigh,3,-
1248,fundamentalistą,3,-
1249,dalej,3,FC
1250,sięgać,3,BDA
1251,alkaidy,3,-
1252,wybrać,3,BAAFA
1253,działający,3,BDA
1254,kontynent,3,ACAAAAA
1255,pst,3,GAB
1256,wschód,3,ACAAAAA
1257,for,3,ACAABAA
1258,skóra,3,ADAAA
1259,wątek,3,ACABA
1260,rozprawić się,3,-
1261,całkowicie,3,FC
1262,szczegół,3,ACAAAAA
1263,zakon,3,ACAAAAA
1264,masoński,3,CBA
1265,swe,3,EDAAB
1266,powietrze,3,AEBAB
1267,widać,3,BFB
1268,hasło,3,AEAAAB
1269,oskarżyć,3,BCCA
1270,nurt,3,ACAAAAA
1271,politycznie,3,FB
1272,poprawny,3,CAB
1273,holenderski,3,CBA
1274,jakikolwiek,3,EAL
1275,narkotyk,3,ACABA
1276,mający,3,BBCA
1277,francji,3,-
1278,egzekucja,3,ADACBAA
1279,szybka,3,ADAB
1280,horror,3,ACAAAAA
1281,jezioro,3,AEAAAB
1282,metr,3,AAAAAA
1283,sens,3,ACAAAAA
1284,zaprzeczyć,3,BCCA
1285,lewica,3,ADACABB
1286,wrogi,3,CBA
1287,spekulować,3,BAAA
1288,oddalony,3,BBCA
1289,pomocnik,3,AAACBA
1290,politolog,3,AAACBA
1291,religijny,3,CAB
1292,norwegowie,3,-
1293,naprawdę,3,GBBBA
1294,łukasza,3,-
1295,forum,3,AEE
1296,oferta,3,ADAAA
1297,zaraz,3,FC
1298,paweł,3,-
1299,okazja,3,ADACBAA
1300,czeski,3,CBA
1301,pradze,3,-
1302,wspólnik,3,AAACBA
1303,publicysta,3,AABDAA
1304,uczyć,3,BCCA
1305,kommiersant,3,-
1306,europejczycy,3,-
1307,prosta,3,ADACCBA
1308,chora,3,ADACCBA
1309,wrócić,3,BBCA
1310,blogerów,3,-
1311,sugerować,3,BAAA
1312,izrael,3,-
1313,inspirować,3,BAAA
1314,opór,3,ACAAAAA
1315,lewak,3,AAACBA
1316,mułła,3,AABABA
1317,pan,3,AAAAAB
1318,niepoczytalność,3,ADCCA
1319,dziać,3,BAFBD
1320,odciąć,3,BAFCB
1321,informować,3,BAAA
1322,przygotować,3,BAAA
1323,paryżu,3,-
1324,bogaty,3,AAEC
1325,pogodzenie,3,AEBAA
1326,kristiansen,3,-
1327,natychmiastowy,3,CAB
1328,michael,3,-
1329,wolffsohn,3,-
1330,doświadczyć,3,BCCA
1331,szaleństwo,3,AEAAAB
1332,armia,3,ADACBAA
1333,wolny,3,AAEC
1334,europejczyków,3,-
1335,obyczaj,3,ACACACB
1336,niemczech,3,-
1337,lepiej,3,FC
1338,obowiązywać,3,BAAB
1339,powszechny,3,CAB
1340,nienawidzący,3,CAA
1341,boniecki,3,-
1342,żądanie,3,AEBAA
1343,japoński,3,CBA
1344,łamanie,2,AEBAA
1345,wielokrotny,2,CAB
1346,przykro,2,FC
1347,reuters,2,-
1348,łza,2,ADAAA
1349,koszmar,2,ACAAAAA
1350,samobójstwo,2,AEAAAB
1351,telewizyjny,2,CAB
1352,zakończenie,2,AEBAA
1353,nieproporcjonalnie,2,FB
1354,okręgowy,2,CAB
1355,oeystein,2,-
1356,niezbędny,2,CAB
1357,chwila,2,ADACBABA
1358,popełnienie,2,AEBAA
1359,hjetland,2,-
1360,krew,2,ADCAAA
1361,oficjalnie,2,FB
1362,niezależny,2,CAB
1363,powołany,2,BDA
1364,interwencja,2,ADACBAA
1365,ustalenia,2,AGDAA
1366,brevik,2,-
1367,sprzęt,2,ACAAAAA
1368,zarzucać,2,BDA
1369,wnioskować,2,BAAA
1370,wpłynąć,2,BAEAB
1371,znacząco,2,FC
1372,niewystarczający,2,CAA
1373,przygotowanie,2,AEBAA
1374,personel,2,ACACAA
1375,numer,2,ACAAAAA
1376,krytyk,2,AAACBA
1377,zbudowanie,2,AEBAA
1378,dana,2,ADACCBA
1379,prosić,2,BBCA
1380,obawa,2,ADAAA
1381,niepoczytalny,2,CAB
1382,trudniej,2,FC
1383,szwecja,2,-
1384,żałoba,2,ADAAA
1385,efekt,2,ACAAAAA
1386,zaostrzenie,2,AEBAA
1387,grudzień,2,ACACBAA
1388,rz,2,-
1389,lorange,2,-
1390,ministerstwo,2,AEAAAB
1391,odebrać,2,BAAFA
1392,knut,2,ACAABAA
1393,ubiegający,2,BDA
1394,legalnie,2,FB
1395,pewny,2,CAB
1396,poseł,2,AAAAAA
1397,finlandii,2,-
1398,wprowadzić,2,BBCA
1399,zezwolenie,2,AEBAA
1400,skandynawskich,2,-
1401,rolnik,2,AAACBA
1402,zdobyć,2,AEBAA
1403,rozum,2,ACAAAAA
1404,rozważać,2,BDA
1405,oskarżony,2,AAEC
1406,ludzkość,2,ADCCA
1407,skierowany,2,BAAA
1408,cywilny,2,CAB
1409,ogromny,2,CAB
1410,cierpienie,2,AEBAA
1411,odebranie,2,AEBAA
1412,zostawić,2,BBCA
1413,postać,2,ADCAAA
1414,mówiący,2,CAA
1415,katastrofa,2,ADAAA
1416,minąć,2,BAEAB
1417,publikacja,2,ADACBAA
1418,udowodnienie,2,AEBAA
1419,wystąpienie,2,AEBAA
1420,zawartość,2,ADCCA
1421,emocja,2,ADACBAA
1422,listopad,2,ACAABAA
1423,wpływać,2,BDA
1424,pobudzać,2,BDA
1425,niezwykle,2,FB
1426,chłopak,2,AAACBA
1427,przynależność,2,ADCCA
1428,zrozumienie,2,AEBAA
1429,dzięki,2,AGBB
1430,muzyka,2,AAACBA
1431,uchronić,2,BBCA
1432,obok,2,GBABB
1433,biznes,2,ACAAAAA
1434,artysta,2,AABDAA
1435,czynnik,2,ACABBA
1436,późniejszy,2,CAB
1437,brenton,2,-
1438,tarrant,2,-
1439,christchurch,2,-
1440,zelandii,2,-
1441,płaszczyzna,2,ADAAA
1442,krytyka,2,AAACBA
1443,szczególność,2,ADCCA
1444,etniczny,2,CAB
1445,przyzwolenie,2,AEBAA
1446,zagrażać,2,BDA
1447,znaczny,2,CAB
1448,kształtowanie,2,AEBAA
1449,ksenofobicznej,2,-
1450,ekstremistyczny,2,CAB
1451,ciężarówka,2,ADAB
1452,dwór,2,ACAAAAA
1453,powstać,2,BAFABD
1454,uderzać,2,BDA
1455,trauma,2,ADAAA
1456,dziesiątek,2,ACABBA
1457,zajęcie,2,AEBAA
1458,teoria,2,ADACBAA
1459,stowarzyszenie,2,AEBAA
1460,kształcić,2,BBCA
1461,nauczyciel,2,AAABCA
1462,uczeń,2,AEBAA
1463,czynienie,2,AEBAA
1464,brukseli,2,-
1465,londynu,2,-
1466,spędzać,2,BDA
1467,choćby,2,GBBBA
1468,maksymalny,2,CAB
1469,leże,2,AEBAB
1470,ringerike,2,-
1471,fengsel,2,-
1472,strzeżony,2,BAFCAB
1473,kodeks,2,ACAAAAA
1474,skrócenie,2,AEBAA
1475,badać,2,BDA
1476,biegły,2,BAFAAB
1477,stopień,2,AEBAA
1478,szczególny,2,CAB
1479,dotychczasowy,2,CAB
1480,praktyka,2,AAACBA
1481,schizofrenia,2,ADACBAA
1482,wykazywać,2,BAAB
1483,miewać,2,BDA
1484,samo,2,EEAAA
1485,wyjechać,2,BAAFA
1486,fjotolf,2,-
1487,hansen,2,-
1488,socjaldemokratyczny,2,CAB
1489,złe,2,AEBBB
1490,dowodzić,2,BBCA
1491,dokonywać,2,BAAB
1492,nadawca,2,AABCBB
1493,nrk,2,-
1494,sypialnia,2,ADACBAA
1495,kuchnia,2,ADACBAA
1496,siłownia,2,ADACBAA
1497,zastosowany,2,BAAA
1498,podkreślać,2,BDA
1499,pozew,2,ACAAAAA
1500,jednomyślnie,2,FB
1501,warunkowy,2,CAB
1502,reda,2,ADAAA
1503,przekazać,2,BAAFA
1504,upamiętnić,2,BBCB
1505,oddawać,2,BAAE
1506,neofaszystowski,2,CBA
1507,pobliski,2,CBA
1508,mettemarit,2,-
1509,haakon,2,-
1510,ceremonia,2,ADACBAA
1511,pojechać,2,BAAFA
1512,sądowych,2,-
1513,wznosić,2,BBCA
1514,naruszanie,2,AEBAA
1515,wraz,2,FC
1516,przemawiać,2,BDA
1517,poprawić,2,BBCA
1518,gotowość,2,ADCCA
1519,wszelki,2,CBA
1520,nietolerancja,2,ADACBAA
1521,żałobny,2,CAB
1522,generalny,2,CAB
1523,przemówienie,2,AEBAA
1524,norwegowi,2,-
1525,sprawowanie,2,AEBAA
1526,wielokulturowego,2,-
1527,motyw,2,ACAAAAA
1528,żywy,2,AAEC
1529,astrid,2,-
1530,stół,2,ACAAAAA
1531,chronić,2,BBCA
1532,zszokować,2,BAAA
1533,dziesięć,2,DBBA
1534,żyć,2,AEBAA
1535,mniej,2,FC
1536,silniejszy,2,CAB
1537,dziewiąty,2,CAB
1538,śmiertelny,2,CAB
1539,dziewięć,2,DBBA
1540,zasięg,2,ACABA
1541,zaparkować,2,BAAA
1542,kilometr,2,ACAABAA
1543,ósmy,2,CAB
1544,wyznać,2,BDA
1545,saletrowy,2,CAB
1546,zaparkowany,2,BAAA
1547,urzędować,2,BAAA
1548,przedsięwzięcie,2,AEBAA
1549,międzyczas,2,ACAAAAA
1550,przerwać,2,BAAFB
1551,elektroniczny,2,CAB
1552,kierować,2,BAAA
1553,pobudka,2,ADAB
1554,propagować,2,BAAA
1555,ksenofobia,2,ADACBAA
1556,ruger,2,-
1557,strzelić,2,BBCA
1558,ranny,2,AAEC
1559,nerwowy,2,CAB
1560,norwegią,2,-
1561,przesunąć,2,BAEAB
1562,samorządowy,2,CAB
1563,wezwać,2,BAAFB
1564,okazanie,2,AEBAA
1565,solidarność,2,ADCCA
1566,tysięczny,2,CAB
1567,zareagować,2,BAAA
1568,stanowczo,2,FC
1569,potępić,2,BBCA
1570,ubolewanie,2,AEBAA
1571,bronisław,2,-
1572,komorowski,2,-
1573,zakakującym,2,-
1574,zainteresowanie,2,AEBAA
1575,odnośnie,2,-
1576,odnotować,2,BAAA
1577,napływ,2,ACAAAAA
1578,położyć,2,BCCA
1579,przeprowadzenie,2,AEBAA
1580,wydłużany,2,BDA
1581,stanowić,2,BBCA
1582,zapomnieć,2,BBBB
1583,skupić,2,BBCA
1584,kontrolować,2,BAAA
1585,oczywisty,2,CAB
1586,nieuzasadniony,2,CAB
1587,rejestracja,2,ADACBAA
1588,północny,2,CAB
1589,odmówić,2,BBCA
1590,wychwalać,2,BDA
1591,głośny,2,CAB
1592,straż,2,ADCAB
1593,przybrzeżny,2,CAB
1594,paul,2,-
1595,hasson,2,-
1596,lista,2,ADAAA
1597,potencjalny,2,CAB
1598,najstarszy,2,CAB
1599,hanna,2,-
1600,orvik,2,-
1601,endresen,2,-
1602,polowanie,2,AEBAA
1603,rodzic,2,AAABAB
1604,aktywnie,2,FB
1605,krzyż,2,ACACBBA
1606,wyliczać,2,BDA
1607,internetowej,2,-
1608,norwegom,2,-
1609,mo,2,-
1610,stara,2,ADACCBA
1611,normalny,2,CAB
1612,kula,2,ADACBABA
1613,praconia,2,-
1614,oszczędzić,2,BBCA
1615,wystarczający,2,BDA
1616,wytłumaczenie,2,AEBAA
1617,lotnisko,2,AEAAAA
1618,przeszukiwać,2,BAAC
1619,wychodzić,2,BBCA
1620,zjazd,2,ACAAAAA
1621,strój,2,BBCA
1622,obecność,2,ADCCA
1623,przybycie,2,AEBAA
1624,utoi,2,-
1625,tytuł,2,ACAAAAA
1626,jedyny,2,CAB
1627,poradzić,2,BBCA
1628,ukończyć,2,BCCA
1629,andrew,2,-
1630,berwick,2,-
1631,odbić,2,AEBAA
1632,ostatecznie,2,FC
1633,nosić,2,BBCA
1634,głęboki,2,CBA
1635,harald,2,-
1636,krótko,2,FA
1637,czerwiec,2,ABAAAB
1638,ubiegły,2,BAFAAB
1639,marzec,2,ACACBC
1640,przetrzymywać,2,BAAB
1641,właściwy,2,CAB
1642,odizolowanie,2,AEBAA
1643,komunikacja,2,ADACBAA
1644,niski,2,CBA
1645,kieszonkowe,2,AEBBB
1646,pismo,2,AEAAAB
1647,pozwolić,2,BBCA
1648,biec,2,BAFAAB
1649,wydać,2,BDC
1650,wyznanie,2,AEBAA
1651,paranoidalny,2,CAB
1652,palnąć,2,BAEAA
1653,niższy,2,CAB
1654,racja,2,ADACBAA
1655,odseparowanie,2,AEBAA
1656,podyktowany,2,BAAA
1657,wideo,2,-
1658,zapewniony,2,BBCB
1659,ćwiczenia,2,AGDAA
1660,fizyczny,2,AAEC
1661,posługiwać,2,BAAC
1662,sztućce,2,AGCB
1663,gościć,2,BBCA
1664,argumentować,2,BAAA
1665,ogólny,2,CAB
1666,koszt,2,ACAAAAA
1667,pokrycie,2,AEBAA
1668,nieznacznie,2,FB
1669,złagodzić,2,BBCA
1670,otwarcie,2,AEBAA
1671,deklarować,2,BAAA
1672,sympatyk,2,AAACBA
1673,zgodny,2,CAB
1674,tajemnica,2,ADACABB
1675,zapobieganie,2,AEBAA
1676,oczekiwany,2,BAAC
1677,ogłoszenie,2,AEBAA
1678,pozdrowienie,2,AEBAA
1679,blisko,2,FA
1680,zakaz,2,ACAAAAA
1681,kondycja,2,ADACBAA
1682,zaskoczony,2,CAB
1683,marius,2,-
1684,emberland,2,-
1685,zwierzę,2,AECA
1686,zabronić,2,BBCA
1687,utrudniać,2,BDA
1688,korona,2,ADAAA
1689,wspominać,2,BDA
1690,najmniejszy,2,CAB
1691,cenzurowanie,2,AEBAA
1692,dziennikarz,2,AAABD
1693,bywać,2,BDA
1694,udostępnić,2,BBCB
1695,spacer,2,ACAAAAA
1696,proponować,2,BAAA
1697,ksiądz,2,AAAEB
1698,świadczyć,2,BCCA
1699,pozytywny,2,CAB
1700,stosunek,2,ACABA
1701,cenzura,2,ADAAA
1702,poczet,2,ACAAAAA
1703,osadzony,2,BBCA
1704,żal,2,ACACACB
1705,spośród,2,GBBAA
1706,powierzchnia,2,ADACBAA
1707,kw,2,-
1708,harrich,2,-
1709,nielegalny,2,CAB
1710,handel,2,ACACACB
1711,prawdopodobieństwo,2,AEAAAB
1712,rektor,2,AAACAAAB
1713,petter,2,-
1714,ottersen,2,-
1715,wiadomość,2,ADCCA
1716,nasza,2,-
1717,zniszczyć,2,BCCA
1718,obejmować,2,BAAA
1719,uczęszczać,2,BDA
1720,przyszły,2,BAFCAA
1721,krewny,2,AAEC
1722,zamienić,2,BBCA
1723,morderstwo,2,AEAAAB
1724,wymierzyć,2,BCCA
1725,dodatkowy,2,CAB
1726,bezprawny,2,CAB
1727,represją,2,-
1728,zeszły,2,BAFCAA
1729,piec,2,ACACBC
1730,wytrzymać,2,BDA
1731,planować,2,BAAA
1732,przeznaczony,2,CAB
1733,ponownie,2,FB
1734,prawny,2,CAB
1735,boży,2,CAA
1736,narodzenie,2,AEBAA
1737,wystąpić,2,BBCA
1738,przesyłać,2,BDA
1739,odczucie,2,AEBAA
1740,czterostronicowym,2,-
1741,liczny,2,CAB
1742,przestarzały,2,CAB
1743,uskarżać się,2,-
1744,spowalniać,2,BDA
1745,kwota,2,ADAAA
1746,przeznaczać,2,BDA
1747,pocztowy,2,CAB
1748,dłużej,2,FC
1749,umrzeć,2,BABA
1750,konkretnie,2,FB
1751,rosjanom,2,-
1752,zażyczyć,2,BCCA
1753,wzrosły,2,CAB
1754,norwegiem,2,-
1755,lekarz,2,AAABD
1756,wpław,2,FC
1757,niewielki,2,CBA
1758,brygada,2,ADAAA
1759,spokojnie,2,FB
1760,rdzenny,2,CAB
1761,kilkanaście,2,DBCA
1762,ile,2,EHBA
1763,znajomy,2,AAEC
1764,łącze,2,AEBAB
1765,oba,2,DABB
1766,tu,2,GBABB
1767,zniszczony,2,CAB
1768,uszkodzony,2,BBCA
1769,gruz,2,ACAAAAA
1770,karetka,2,ADAB
1771,ewakuować,2,BAAA
1772,kolejowy,2,CAB
1773,przedsiębiorstwo,2,AEAAAB
1774,wojsko,2,AEAAAA
1775,uzbrojony,2,BBCA
1776,wakacje,2,AGCC
1777,względnie,2,GBABB
1778,komórkowy,2,CAB
1779,ułatwić,2,BBCA
1780,rodak,2,AAACBA
1781,kilkaset,2,DBJ
1782,zapanować,2,BAAA
1783,skakać,2,BAAFA
1784,wysyłać,2,BDA
1785,niebezpieczeństwo,2,AEAAAB
1786,rozmiar,2,ACAAAAA
1787,północ,2,ADCAB
1788,trop,2,ACAAAAA
1789,zemsta,2,ADAAA
1790,tutejszy,2,AAEC
1791,iranu,2,-
1792,nakaz,2,ACAAAAA
1793,hipoteza,2,ADAAA
1794,określać,2,BDA
1795,poła,2,ADAAA
1796,namiotowy,2,CAB
1797,wakacyjny,2,CAB
1798,zorganizowany,2,BAAA
1799,młodzieżówkę,2,-
1800,niedługo,2,FC
1801,dziwny,2,CAB
1802,powtarzać,2,BDA
1803,stine,2,-
1804,renate,2,-
1805,haheim,2,-
1806,strażnik,2,AAACBA
1807,simen,2,-
1808,braenden,2,-
1809,srebrny,2,CAB
1810,legitymacja,2,ADACBAA
1811,skontrolować,2,BAAA
1812,poziom,2,ACAAAAA
1813,zgromadzić,2,BBCA
1814,przekazanie,2,AEBAA
1815,podejść,2,AEBAA
1816,bliżej,2,FC
1817,torba,2,ADAAA
1818,wyjąć,2,BAFCB
1819,odpłynąć,2,BAEAB
1820,najdalej,2,FC
1821,celować,2,BAAA
1822,elise,2,-
1823,leżeć,2,BCBA
1824,rozbić,2,AEBAA
1825,emilie,2,-
1826,bersaas,2,-
1827,panika,2,ADAB
1828,skontaktować,2,BAAA
1829,niclas,2,-
1830,tokerud,2,-
1831,pewien,2,CCBBA
1832,zdradzić,2,BBCA
1833,kończyć,2,BCCA
1834,zdetonowany,2,BAAA
1835,radykał,2,AAAAAA
1836,andersie,2,-
1837,winstona,2,-
1838,dyrektor,2,AAACAAAB
1839,nowoczesny,2,CAB
1840,farma,2,ADAAA
1841,niemal,2,FC
1842,widzenie,2,AEBAA
1843,afganistanie,2,-
1844,przypominać,2,BDA
1845,jedyne,2,AEBBB
1846,tajny,2,CAB
1847,ostro,2,FA
1848,gość,2,BBCA
1849,dotąd,2,GBABB
1850,obserwacja,2,ADACBAA
1851,pozostawać,2,BAAE
1852,maj,2,BBCA
1853,poważniejszy,2,CAB
1854,brytyjskiego,2,-
1855,copeland,2,-
1856,seksualny,2,CAB
1857,ustalenie,2,AEBAA
1858,samotny,2,CAB
1859,strzelec,2,AAACAAAA
1860,rzeź,2,ADCAAA
1861,operacja,2,ADACBAA
1862,wznieść,2,BAFCAA
1863,toast,2,ACAAAAA
1864,francuski,2,ACD
1865,przyjść,2,AEBAA
1866,marksista,2,AABDAA
1867,opętać,2,BDA
1868,dbać,2,BDA
1869,spadkobierca,2,AABCBB
1870,chrześcijanin,2,AAABBA
1871,męczennik,2,AAACBA
1872,dżihadu,2,-
1873,przedsiębiorca,2,AABCBB
1874,pochodzić,2,BBCA
1875,znajoma,2,ADACCBA
1876,piroman,2,AAADAA
1877,bbc,2,-
1878,wspierać,2,BDA
1879,nawoływać,2,BAAB
1880,islamizm,2,-
1881,prawicowiec,2,AAACBA
1882,sympatyzować,2,BAAA
1883,przypominający,2,BDA
1884,fascynacja,2,ADACBAA
1885,chrzest,2,ACAAAAA
1886,protestancki,2,CBA
1887,poparcie,2,AEBAA
1888,lider,2,AAACAAAB
1889,twarz,2,ADCAB
1890,english,2,-
1891,defence,2,-
1892,league,2,-
1893,stop,2,ACAAAAA
1894,europe,2,-
1895,geerta,2,-
1896,warzywo,2,AEAAAB
1897,owoc,2,ACACACB
1898,skąd,2,GBABB
1899,przejście,2,AEBAA
1900,uprawiać,2,BDA
1901,world,2,-
1902,mieszkający,2,BDA
1903,mniejszy,2,CAB
1904,pracownica,2,ADACABB
1905,nagle,2,FC
1906,przyjeżdżać,2,BDA
1907,zamknąć,2,BAEAA
1908,czekać,2,BDA
1909,stos,2,ACAAAAA
1910,jakby,2,GBABB
1911,absolutny,2,CAB
1912,stenseth,2,-
1913,brzeg,2,ACABA
1914,getto,2,AEAAAB
1915,społeczność,2,ADCCA
1916,usunąć,2,BAEAB
1917,miękki,2,CBA
1918,analogia,2,ADACBAA
1919,niedziela,2,ADACBABA
1920,krzyczeć,2,BCBA
1921,antyterroryści,2,-
1922,techniczny,2,CAB
1923,opozycja,2,ADACBAA
1924,nabożeństwo,2,AEAAAB
1925,porzucić,2,BBCA
1926,wątpliwość,2,ADCCA
1927,przerosnąć,2,BAEB
1928,nordycki,2,CBA
1929,osłabić,2,BBCA
1930,ravik,2,-
1931,jupskas,2,-
1932,mobilizacja,2,ADACBAA
1933,bodaj,2,GBBAB
1934,dziad,2,AAAAAA
1935,pradziad,2,AAAAAA
1936,kościelny,2,AAEC
1937,jakiejś,2,-
1938,porównanie,2,AEBAA
1939,jeździć,2,BBCA
1940,rzucić,2,BBCA
1941,nieprzyjazny,2,CAB
1942,podejście,2,AEBAA
1943,łatwo,2,FA
1944,wyzwanie,2,AEBAA
1945,właściciel,2,AAABCA
1946,sprzedawać,2,BAAE
1947,chemik,2,AAACBA
1948,amator,2,AAACAAAB
1949,wszcząć,2,BAFCBDD
1950,użytkownik,2,AAACBA
1951,występować,2,BAAA
1952,sprzedający,2,BDC
1953,produkt,2,ACAAAAA
1954,szeroki,2,CBA
1955,dość,2,GBABB
1956,chemikalia,2,AGDB
1957,rad,2,ACAAAAA
1958,przestrzegać,2,BDA
1959,polaka,2,-
1960,konstrukcja,2,ADACBAA
1961,namiar,2,ACAAAAA
1962,wiceszef,2,-
1963,białka,2,AGDAA
1964,charakter,2,ACAAAAA
1965,zwykły,2,CAB
1966,ak,2,-
1967,pragi,2,-
1968,mafia,2,ADACBAA
1969,norwegami,2,-
1970,klausa,2,-
1971,zwłaszcza,2,GBBBA
1972,b,2,-
1973,zsrr,2,-
1974,chwalić,2,BBCA
1975,dekret,2,ACAAAAA
1976,benesza,2,-
1977,niemcy,2,-
1978,oberwać,2,BAAFB
1979,reczkałow,2,-
1980,styl,2,ACACACB
1981,gwarancja,2,ADACBAA
1982,zgnić,2,AEBAA
1983,oblicze,2,AEBAB
1984,reczkałowa,2,-
1985,krzesło,2,AEAAAB
1986,u,2,GBBAA
1987,dobrobyt,2,ACAAAAA
1988,internautów,2,-
1989,komentarz,2,ACACBBA
1990,swoje,2,EDAB
1991,zupełnie,2,FB
1992,zwracać,2,BDA
1993,sterowany,2,BAAA
1994,władimir,2,-
1995,faszyzujący,2,BAAA
1996,najlepszy,2,CAB
1997,setka,2,ADAB
1998,przychodzić,2,BBCA
1999,ambasada,2,ADAAA
2000,księga,2,ADAB
2001,istotny,2,CAB
2002,uprawnienie,2,AEBAA
2003,rodzimy,2,BBCA
2004,radar,2,ACAAAAA
2005,brytania,2,-
2006,ds,2,-
2007,domniemany,2,BDA
2008,strefa,2,ADAAA
2009,osiągnąć,2,BAEAA
2010,fala,2,ADACBABA
2011,antyimigranckiej,2,-
2012,romów,2,-
2013,mein,2,-
2014,kampf,2,-
2015,przywrócić,2,BBCA
2016,roentgena,2,-
2017,napisany,2,BAAFA
2018,lewicowiec,2,AAACBA
2019,ogólnie,2,FB
2020,straszyć,2,BCCA
2021,internetowym,2,-
2022,stworzyć,2,BCCA
2023,straszliwy,2,CAB
2024,przerazić,2,BBCA
2025,podwójny,2,CAB
2026,równia,2,ADACBAA
2027,zbrodniczy,2,CAA
2028,twardy,2,CAB
2029,zwiększyć,2,BCCA
2030,ostrzeżenie,2,AEBAA
2031,finów,2,-
2032,Holender,2,AAACAAAB
2033,geert,2,-
2034,wilders,2,-
2035,zainspirować,2,BAAA
2036,patriota,2,AABDAA
2037,daleko,2,FA
2038,inaczej,2,FC
2039,amerykański,2,CBA
2040,wojować,2,BAAA
2041,śledzić,2,BBCA
2042,ameryce,2,-
2043,zagrzewać,2,BDA
2044,blogu,2,-
2045,odwiedzać,2,BDA
2046,jihadwatchorg,2,-
2047,spencer,2,-
2048,dowiedzieć się,2,-
2049,baza,2,ADAAA
2050,światopoglądowy,2,CAB
2051,retoryka,2,ADAB
2052,dżihad,2,-
2053,notatka,2,ADAB
2054,unabombera,2,-
2055,teda,2,-
2056,zamieniać,2,BDA
2057,anonimowy,2,CAB
2058,zdarzyć,2,BCCA
2059,malkin,2,-
2060,wojownik,2,AAACBA
2061,linia,2,ADACBAA
2062,koncentracja,2,ADACBAA
2063,nienawidzić,2,BBCA
2064,ciekawy,2,CAB
2065,prawdopodobnie,2,FB
2066,afryki,2,-
2067,zażyć,2,AEBAA
2068,medyczny,2,CAB
2069,przeciwdziałanie,2,AEBAA
2070,sydnes,2,-
2071,dyplomata,2,AABDAA
2072,pielęgniarka,2,ADAB
2073,słuchać,2,BDA
2074,hiphopu,2,-
2075,spędzić,2,BBCA
2076,przyrodni,2,CBB
2077,dyplomatka,2,ADAB
2078,opieka,2,ADAB
2079,patologia,2,ADACBAA
2080,kategoria,2,ADACBAA
2081,trzeci,2,CBB
2082,dzieło,2,AEAAAB
2083,kolega,2,AABCA
2084,moje,2,EDAB
2085,janne,2,-
2086,Anglik,2,AAACBA
2087,bezpański,2,CBA
2088,walizka,2,ADAB
2089,brzmieć,2,BBBB
2090,wyrzucić,2,BBCA
2091,wyjawić,2,BBCA
2092,dowódca,2,AABCBB
2093,prof,2,-
2094,zjawisko,2,AEAAAA
2095,zderzenie,2,AEBAA
2096,nieszczęście,2,AEBAA
2097,heterogeniczny,2,CAB
2098,tradycja,2,ADACBAA
2099,narodowość,2,ADCCA
2100,religia,2,ADACBAA
2101,emigrant,2,AAADAA
2102,natura,2,ADAAA
2103,przejawiać,2,BDA
2104,zażądać,2,BDA
2105,wymyślić,2,BBCA
2106,paneuropejski,2,CBA
2107,wariat,2,AAADAA
2108,baader,2,-
2109,meinhof,2,-
2110,frakcja,2,ADACBAA
2111,wymysł,2,ACAAAAA
2112,kapitalizm,2,ACAAAAA
2113,rewolucja,2,ADACBAA
2114,przemysłowy,2,CAB
2115,kiepsko,2,FC
2116,doraźny,2,CAB
2117,multikulturalizmu,2,-
2118,frustracja,2,ADACBAA
2119,uniwersalny,2,CAB
2120,winien,2,BFCA
2121,niewiele,2,DEBA
2122,antyimigrancką,2,-
2123,raczej,2,GBBBA
2124,definicja,2,ADACBAA
2125,faszysta,2,AABDAA
2126,jakoś,2,EK
2127,sztab,2,ACAAAAA
2128,skuteczniejszy,2,CAB
2129,wrażliwość,2,ADCCA
2130,zamiana,2,ADAAA
2131,papież,2,AAABD
2132,głupstwo,2,AEAAAB
2133,biskup,2,AAADAA
2134,ryś,2,ABAABA
2135,spór,2,ACAAAAA
2136,kasa,2,ADAAA
2137,dodawać,2,BAAE
2138,szemrać,2,BAAFA
2139,skłonność,2,ADCCA
2140,kowalczyk,2,-
2141,tygodnik,2,ACABBA
2142,dymisja,2,ADACBAA
2143,zbadać,2,BDA
2144,życzenie,2,AEBAA
2145,japonią,2,-
2146,kwietniowy,2,CAB
2147,uwolnienie,2,AEBAA
2148,prewencyjny,2,CAB
2149,sądowej,1,-
2150,zalać,1,BAFBD
2151,psycholog,1,-
2152,współautor,1,AAACAAAB
2153,depresja,1,ADACBAA
2154,skłonności,1,AGBC
2155,podsumowywać,1,BAAB
2156,stwierdzać,1,BDA
2157,jasno,1,FA
2158,apelacja,1,ADACBAA
2159,rozczarować,1,BAAA
2160,odsiadka,1,ADAB
2161,wielokrone,1,-
2162,zabójstwo,1,AEAAAB
2163,otrzymać,1,BDA
2164,umieszczony,1,CAB
2165,robota,1,ABABAAA
2166,wykonywać,1,BAAB
2167,solidny,1,CAB
2168,profesjonalny,1,CAB
2169,prawidłowy,1,CAB
2170,miażdżący,1,CAA
2171,zastosować,1,BAAA
2172,skutecznie,1,FB
2173,istniejący,1,BAD
2174,szybszy,1,CAB
2175,dołożyć,1,BCCA
2176,staranie,1,AEBAA
2177,wpaść,1,BAFAAAB
2178,associated,1,-
2179,press,1,-
2180,nieoficjalnie,1,FB
2181,opieszały,1,CAB
2182,chaotyczny,1,CAB
2183,zastrzelenie,1,AEBAA
2184,wyszkolenie,1,AEBAA
2185,dowodzenie,1,AEBAA
2186,specjalistyczny,1,CAB
2187,niezdecydowanie,1,AEBAA
2188,niegospodarność,1,ADCCA
2189,wskazany,1,BAAFA
2190,dziwić się,1,-
2191,operacyjny,1,CAB
2192,słabo,1,FA
2193,obsadzony,1,BBCA
2194,niewykwalifikowany,1,CAB
2195,zmusić,1,BBCA
2196,podejmowanie,1,AEBAA
2197,faza,1,ADAAA
2198,zaniedbanie,1,AEBAA
2199,wytknięty,1,BAEAA
2200,ostrzeganie,1,AEBAA
2201,rejestracyjny,1,CAB
2202,używanie,1,AEBAA
2203,podejrzany,1,AAEC
2204,wykazać,1,BAAFA
2205,spedycja,1,ADACBAA
2206,udostępnianie,1,AEBAA
2207,organ,1,ACAAAAA
2208,idnywidualnymi,1,-
2209,celny,1,CAB
2210,zamawiany,1,BDA
2211,mogący,1,CAA
2212,zgodnie,1,FB
2213,osobowy,1,ACC
2214,uniewinnienie,1,AEBAA
2215,powodowany,1,BAAA
2216,konieczność,1,ADCCA
2217,wysłanie,1,AEBAA
2218,prawodawstwo,1,AEAAAB
2219,zaostrzać,1,BDA
2220,postąpić,1,BBCA
2221,finlandia,1,-
2222,sztokholmu,1,-
2223,miniony,1,CAB
2224,przedstawić,1,BBCA
2225,utrudnić,1,BBCB
2226,niepowołany,1,CAB
2227,łatwiej,1,FC
2228,przyznany,1,BDA
2229,roboczy,1,CAA
2230,wyjaśniać,1,BDA
2231,zapis,1,ACAAAAA
2232,rozpatrywać,1,BAAB
2233,fosli,1,-
2234,dokładniejszy,1,CAB
2235,kontrolowanie,1,AEBAA
2236,beatrice,1,-
2237,ask,1,-
2238,posiadany,1,BDA
2239,jesienny,1,CAB
2240,sesja,1,ADACBAA
2241,przedstawiony,1,BBCA
2242,propozycja,1,ADACBAA
2243,ubiegać,1,BDA
2244,snajper,1,AAACAAAB
2245,malm,1,ACAAAAA
2246,obydwaj,1,DABAA
2247,wymagania,1,AGDAA
2248,szkoda,1,ADAAA
2249,ustawa,1,ADAAA
2250,sankcjonować,1,BAAA
2251,chadecki,1,CBA
2252,tuve,1,-
2253,skaanberg,1,-
2254,ostrzejszy,1,CAB
2255,restrykcja,1,ADACBAA
2256,helsinek,1,-
2257,dolny,1,CAB
2258,azotan,1,ACAAAAA
2259,amon,1,ACAAAAA
2260,wyprodukować,1,BAAA
2261,przebadanie,1,AEBAA
2262,formalnie,1,FB
2263,wojenny,1,CAB
2264,ludność,1,ADCCA
2265,skutkujący,1,BAAA
2266,uszkodzenie,1,AEBAA
2267,dagbladet,1,-
2268,podszyty,1,BAFB
2269,paraliżować,1,BAAA
2270,napędzać,1,BDA
2271,doskonale,1,FB
2272,netflixa,1,-
2273,makabryczny,1,CAB
2274,niezapomniany,1,CAB
2275,świadomość,1,ADCCA
2276,ocalać,1,BDA
2277,otrzymanie,1,AEBAA
2278,ukazany,1,BAAFA
2279,paula,1,-
2280,greengrassa,1,-
2281,reżyser,1,AAACAAAB
2282,bournea,1,-
2283,pojawiający się,1,-
2284,wyciągać,1,BDA
2285,przyświecać,1,BDA
2286,viljarowi,1,-
2287,hanssenowi,1,-
2288,negatywny,1,CAB
2289,wrocławiu,1,-
2290,emotions,1,-
2291,in,1,-
2292,motion,1,-
2293,aktywizować,1,BAAA
2294,nadzieja,1,ADACBAA
2295,rekonwalescencja,1,ADACBAA
2296,nieśmiały,1,CAB
2297,odnaleźć,1,BAFCAA
2298,sport,1,ACAAAAA
2299,prelekcja,1,ADACBAA
2300,polaryzacja,1,ADACBAA
2301,przeciwstawienie,1,AEBAA
2302,ludzki,1,CBA
2303,spróbować,1,BAAA
2304,viljara,1,-
2305,hanssena,1,-
2306,prelegent,1,AAADAA
2307,taca,1,ADACABB
2308,legenda,1,ADAAA
2309,rap,1,ABABAAA
2310,waldemar,1,-
2311,kasta,1,ADAAA
2312,artists,1,-
2313,manager,1,AAACAAAB
2314,showbiznesem,1,-
2315,filip,1,-
2316,mecner,1,-
2317,mateusz,1,-
2318,gąsiorowski,1,-
2319,ucieleśnienie,1,AEBAA
2320,lone,1,-
2321,wolf,1,-
2322,protoplasta,1,AABDAA
2323,nowożytny,1,CAB
2324,wskazówka,1,ADAB
2325,zawarty,1,CAB
2326,drogowskaz,1,ACAAAAA
2327,dorobek,1,ACABA
2328,zaczerpnąć,1,BAEAA
2329,chociażby,1,GBBBA
2330,analizować,1,BAAA
2331,lewicowoliberalnych,1,-
2332,zamiłowanie,1,AEBAA
2333,doktryna,1,ADAAA
2334,monarchia,1,ADACBAA
2335,feminizm,1,ACAAAAA
2336,frankfurckiej,1,-
2337,poddawany,1,BAAE
2338,ksenofobiczna,1,-
2339,rasistowski,1,CBA
2340,innowierca,1,AABCBB
2341,problematyka,1,ADAB
2342,dysfunkcyjności,1,-
2343,european,1,-
2344,declaration,1,-
2345,independence,1,-
2346,bierność,1,ADCCA
2347,migracja,1,ADACBAA
2348,jednakże,1,GBBBA
2349,literatura,1,ADAAA
2350,pomijać,1,BDA
2351,poniższy,1,CAB
2352,odegrać,1,BDA
2353,rola,1,ADACBABA
2354,autorytarnej,1,-
2355,wczesny,1,CAB
2356,niewątpliwie,1,FB
2357,los,1,ACAAAAA
2358,najtrudniejszy,1,CAB
2359,evy,1,-
2360,magdalena,1,-
2361,kierujący,1,BAAA
2362,dokumentujący,1,BAAA
2363,poranny,1,CAB
2364,wypełniony,1,BBCA
2365,jonasa,1,-
2366,gahra,1,-
2367,store,1,-
2368,paradoks,1,ACAAAAA
2369,doświadczać,1,BDA
2370,najmocniej,1,FC
2371,dyrektorka,1,ADAB
2372,powiadomić,1,BBCA
2373,upływający,1,BDA
2374,mierzyć,1,BCCA
2375,zaczynać,1,BDA
2376,tamta,1,EDAAB
2377,muzeum,1,AED
2378,prezentowany,1,BAAA
2379,zbiory,1,AGAB
2380,resztka,1,ADAB
2381,pamiątka,1,ADAB
2382,przeciwstawiać,1,BDA
2383,spiskowy,1,CAB
2384,oznajmić,1,BBCB
2385,rama,1,ADAAA
2386,tegoroczny,1,CAB
2387,poszkodowana,1,ADACCBA
2388,trakt,1,ACAAAAA
2389,ariany,1,-
2390,grande,1,-
2391,manchesterze,1,-
2392,dwoje,1,DDA
2393,polaków,1,-
2394,impreza,1,ADAAA
2395,pośrednictwo,1,AEAAAB
2396,paryża,1,-
2397,madrytu,1,-
2398,powoli,1,FC
2399,epizod,1,ACAAAAA
2400,historyczny,1,CAB
2401,wspomnienie,1,AEBAA
2402,najwięcej,1,FC
2403,najpilniej,1,FC
2404,przewidywać,1,BAAB
2405,ntb,1,-
2406,skrócić,1,BBCA
2407,uprzednio,1,FC
2408,przewidziany,1,CAB
2409,zabezpieczenie,1,AEBAA
2410,budzić,1,BBCA
2411,kary,1,ACAAAAA
2412,nonstad,1,-
2413,dot,1,-
2414,psychotyczny,1,CAB
2415,narcystyczne,1,-
2416,dyssocjalne,1,-
2417,oceniać,1,BDA
2418,wydanie,1,AEBAA
2419,uniewinniać,1,BDA
2420,relatywnie,1,FB
2421,miara,1,ADAAA
2422,organizować,1,BAAA
2423,interakcja,1,ADACBAA
2424,dopuścić,1,BBCA
2425,okropny,1,CAB
2426,opiekować się,1,-
2427,papuga,1,ADAB
2428,rygor,1,ACAAAAA
2429,pts,1,-
2430,łamana,1,ADACCBA
2431,okrąg,1,ACABA
2432,telemark,1,-
2433,uzasadnienie,1,AEBAA
2434,brakować,1,BAAA
2435,empatii,1,-
2436,odwołanie,1,AEBAA
2437,czele,1,-
2438,memoriał,1,ACAAAAA
2439,wolno,1,BFBA
2440,pozostawiać,1,BDA
2441,para,1,AAAAAA
2442,składanie,1,AEBAA
2443,ocalały,1,BDA
2444,zwalczać,1,BDA
2445,zaradczy,1,CAA
2446,umocnienie,1,AEBAA
2447,msza,1,ADACAA
2448,sekretarz,1,AAABD
2449,wieczór,1,ACAAAAA
2450,połączony,1,CAB
2451,haralda,1,-
2452,najkrwawszy,1,-
2453,nieokreślony,1,CAB
2454,ocalony,1,BBCA
2455,rozliczyć,1,BCCA
2456,pośród,1,G
2457,eide,1,-
2458,hoem,1,-
2459,ubr,1,-
2460,wybitny,1,CAB
2461,zaapelować,1,BAAA
2462,popołudnie,1,AEBAC
2463,rejon,1,ACAAAAA
2464,sielniejszy,1,-
2465,działaczka,1,ADAB
2466,bilans,1,ACACACA
2467,pozbycie,1,-
2468,wybuchać,1,BDA
2469,zniszczenie,1,AEBAA
2470,zanotować,1,BAAA
2471,odsłona,1,-
2472,rozegrać,1,BDA
2473,osadzenie,1,AEBAA
2474,nierzadko,1,FC
2475,jedzienia,1,-
2476,wypełniać,1,BDA
2477,obowiązkowy,1,CAB
2478,formularz,1,ACACBBA
2479,przejęcie,1,AEBAA
2480,błąd,1,ACAAAAAB
2481,proceduralny,1,CAB
2482,meczet,1,ACAAAAA
2483,norwega,1,-
2484,porucznik,1,AAACBA
2485,planowanie,1,AEBAA
2486,gromadzić,1,BBCA
2487,sporządzić,1,BBCA
2488,fragment,1,ACAAAAA
2489,sharidyn,1,-
2490,svebakkbohn,1,-
2491,rówieśnik,1,AAACBA
2492,johannes,1,-
2493,buo,1,-
2494,oboje,1,DDA
2495,dziewczę,1,AECA
2496,ilustracyjny,1,CAB
2497,bu,1,-
2498,daleki,1,CBA
2499,archipelag,1,ACABA
2500,svalbard,1,-
2501,arktyce,1,-
2502,jazda,1,ADAAA
2503,śnieżny,1,CAB
2504,skuter,1,ACAABAA
2505,wesoły,1,CAB
2506,aleksander,1,-
2507,aas,1,-
2508,eriksen,1,-
2509,karin,1,-
2510,elena,1,-
2511,holst,1,-
2512,mnóstwo,1,AEAAAB
2513,powszechnie,1,FB
2514,lubiany,1,CAB
2515,uśmiechnięty,1,BAEAA
2516,pochodzący,1,CAA
2517,karar,1,-
2518,mustafa,1,-
2519,qasim,1,-
2520,ciemnoskóry,1,CAA
2521,ismail,1,-
2522,haji,1,-
2523,ahmed,1,-
2524,piosenkarz,1,AAABD
2525,isma,1,-
2526,brown,1,-
2527,abdim,1,-
2528,farahem,1,-
2529,tamtejszy,1,CAB
2530,edycja,1,ADACBAA
2531,muzyczny,1,CAB
2532,xfactor,1,-
2533,recepcjonistka,1,ADAB
2534,stołeczny,1,CAB
2535,anne,1,-
2536,lise,1,-
2537,holter,1,-
2538,pasjonatka,1,ADAB
2539,baseballa,1,-
2540,trenować,1,BAAA
2541,zawodniczka,1,ADAB
2542,trond,1,-
2543,berntsen,1,-
2544,zaś,1,GBBAB
2545,brat,1,AAAEA
2546,księżna,1,ADACAC
2547,wysokość,1,ADCCA
2548,przyżył,1,-
2549,powrócić,1,BBCA
2550,postrzelić,1,BBCA
2551,dobić,1,AEBAA
2552,strasznie,1,FB
2553,męczyć,1,BCCA
2554,darować,1,BAAA
2555,niby,1,GBBBA
2556,zadawać,1,BAAE
2557,newsweeka,1,-
2558,postrzał,1,ACAAAAA
2559,metalowy,1,CAB
2560,bramka,1,ADAB
2561,wykrywający,1,BDA
2562,metal,1,ACACAA
2563,zatrzymywać,1,BAAB
2564,współorganizator,1,AAACAAAB
2565,samochodziepułapce,1,-
2566,godizny,1,-
2567,dobrowolnie,1,FB
2568,breivi,1,-
2569,poświęcony,1,BBCA
2570,hjartet,1,-
2571,mot,1,-
2572,steinen,1,-
2573,dosł,1,-
2574,serce,1,AEBAA
2575,ukazać,1,BAAFA
2576,polsku,1,-
2577,tvp,1,-
2578,info,1,-
2579,terapia,1,ADACBAA
2580,tworzenie,1,AEBAA
2581,tłumaczenie,1,AEBAA
2582,wydarzyć się,1,-
2583,odejść,1,AEBAA
2584,dziennikarski,1,CBA
2585,udzielać,1,BDA
2586,llh,1,-
2587,lgbt,1,-
2588,obchodzić,1,BBCA
2589,siódmy,1,CAB
2590,urodzić,1,BBCA
2591,progresywny,1,CAB
2592,zawrzeć,1,BABA
2593,załączyć,1,BCCA
2594,opis,1,ACAAAAA
2595,liberalizm,1,ACAAAAA
2596,wielokulturowość,1,-
2597,zamierzający,1,BDA
2598,przejąć,1,BAFCB
2599,zaprowadzić,1,BBCA
2600,krajowy,1,CAB
2601,piętnasta,1,ADACCBA
2602,podłożony,1,CAB
2603,ucieczka,1,ADAB
2604,regularnie,1,FB
2605,echo,1,AEAAAA
2606,niehumanitarnych,1,-
2607,zamiar,1,ACAAAAA
2608,kondolencje,1,AGCC
2609,poczytalny,1,CAB
2610,poruszać,1,BDA
2611,przegrana,1,ADACCBA
2612,wystosować,1,BAAA
2613,sprawiać,1,BDA
2614,żałować,1,BAAA
2615,przyspieszony,1,CAB
2616,wolnego,1,GAB
2617,manipulacja,1,ADACBAA
2618,megalomania,1,ADACBAA
2619,psychoza,1,ADAAA
2620,oprócz,1,GBBAA
2621,mandat,1,ACAAAAA
2622,drogowy,1,CAB
2623,rolniczy,1,CAA
2624,dawać,1,BAAE
2625,zawierający,1,BDA
2626,budowa,1,ADAAA
2627,posiadać,1,BDA
2628,korzystny,1,CAB
2629,andersowi,1,-
2630,przyjmowanie,1,AEBAA
2631,zaskarżyć,1,BCCA
2632,przeczytać,1,BDA
2633,treść,1,ADCCA
2634,krata,1,ADAAA
2635,szyba,1,ADAAA
2636,modlić się,1,-
2637,odyna,1,-
2638,hala,1,ADACBABA
2639,sportowy,1,CAB
2640,wizytacja,1,ADACBAA
2641,fredrik,1,-
2642,sejersted,1,-
2643,spodziewane,1,-
2644,wchodzić,1,BBCA
2645,unieść,1,BAFCAA
2646,hitlerowski,1,CBA
2647,poprzedni,1,CBB
2648,helen,1,-
2649,andenaes,1,-
2650,sekulic,1,-
2651,decydować,1,BAAA
2652,obligować,1,BAAA
2653,niezapowiedzianych,1,-
2654,niesłusznie,1,FB
2655,uniemożliwiać,1,BDA
2656,wnoszenie,1,AEBAA
2657,zaskarżenie,1,AEBAA
2658,uprawomocnienie,1,AEBAA
2659,marcowy,1,CAB
2660,rozstrzelanie,1,AEBAA
2661,wykonywanie,1,AEBAA
2662,telefoniczny,1,CAB
2663,podłączenie,1,AEBAA
2664,nadanie,1,AEBAA
2665,matrymonialny,1,CAB
2666,zawarcie,1,AEBAA
2667,małżeński,1,CBA
2668,podawanie,1,AEBAA
2669,kawa,1,ADAAA
2670,dziennie,1,FB
2671,niesmaczny,1,CAB
2672,mikrofalówki,1,-
2673,wynoszący,1,BBCA
2674,euro,1,-
2675,maskara,1,-
2676,reprezentowany,1,BAAA
2677,mariusa,1,-
2678,emberlanda,1,-
2679,stosowany,1,BAAA
2680,strażnica,1,ADACABB
2681,zdjąć,1,BAFCB
2682,kajdanki,1,AGBA
2683,odwrócić,1,BBCA
2684,prawy,1,CAB
2685,nazistowski,1,CBA
2686,kojarzyć,1,BCCA
2687,ból,1,BBB
2688,oddzielny,1,CAB
2689,trening,1,ACABA
2690,częstszy,1,CAB
2691,uczestniczenie,1,AEBAA
2692,wizyta,1,ADAAA
2693,wolontariusz,1,AAABD
2694,kategorycznie,1,FB
2695,odmawiać,1,BDA
2696,psychologiem,1,-
2697,ponawiany,1,BDA
2698,znosić,1,BBCA
2699,egzamin,1,ACAAAAA
2700,kurs,1,ACAAAAA
2701,reprezentujący,1,BAAA
2702,adele,1,-
2703,prywatności,1,-
2704,prowadzony,1,BBCA
2705,socjalista,1,AABDAA
2706,otrzymany,1,BDA
2707,zatrzymana,1,ADACCBA
2708,łączny,1,CAB
2709,pokój,1,ACACAA
2710,pomieszczenie,1,AEBAA
2711,rekreacja,1,ADACBAA
2712,treningowy,1,CAB
2713,jesień,1,ADCAAA
2714,przyrządzać,1,BDA
2715,posiłek,1,ACABA
2716,transmisja,1,ADACBAA
2717,wykluczyć,1,BCCA
2718,odrzucony,1,BBCA
2719,ujawniać,1,BDA
2720,dokumentalista,1,AABDAA
2721,zajmować,1,BAAA
2722,abc,1,-
2723,nyheter,1,-
2724,rutynowy,1,CAB
2725,wetzlar,1,-
2726,koło,1,AEAAAB
2727,frankfurtu,1,-
2728,menem,1,-
2729,uzbrojenie,1,AEBAA
2730,zarekwirować,1,BAAA
2731,sprawny,1,CAB
2732,zdarzenie,1,AEBAA
2733,student,1,AAADAA
2734,korespondencyjnie,1,FB
2735,opuszczać,1,BDA
2736,reutera,1,-
2737,ole,1,-
2738,wykształcenie,1,AEBAA
2739,przyjęcie,1,AEBAA
2740,trudny,1,CAB
2741,zaakceptowanie,1,AEBAA
2742,rozumieć,1,BDBA
2743,wywoływać,1,BAAB
2744,wierny,1,AAEC
2745,zagadnienie,1,AEBAA
2746,respektowanie,1,AEBAA
2747,nałożony,1,CAB
2748,nakazywać,1,BAAB
2749,wykład,1,ACAAAAA
2750,seminarium,1,AED
2751,galeria,1,ADACBAA
2752,sława,1,ADAAA
2753,utoeya,1,-
2754,niezadowolony,1,CAB
2755,panująca,1,ADACCBA
2756,popełniony,1,BBCA
2757,poniżać,1,BDA
2758,przede,1,-
2759,pozostały,1,BAFABD
2760,czterostronicowy,1,-
2761,niehumanitarne,1,-
2762,umożliwienie,1,AEBAA
2763,wymienić,1,BBCA
2764,bezprawnie,1,FB
2765,odseparować,1,BAAA
2766,pozbawić,1,BBCA
2767,spoza,1,GBBAA
2768,stronnicowe,1,-
2769,podanie,1,AEBAA
2770,ono,1,EEAAB
2771,argumentacja,1,ADACBAA
2772,życzyć,1,BCCA
2773,pc,1,-
2774,rozpaczać,1,BDA
2775,zamęczyć,1,BCCA
2776,anundsen,1,-
2777,gorzeć,1,BAD
2778,rentv,1,-
2779,systematycznie,1,FB
2780,edukacja,1,ADACBAA
2781,blokować,1,BAAA
2782,administracja,1,ADACBAA
2783,zapłacić,1,BBCA
2784,zakazywać,1,BAAB
2785,prysznic,1,ACACBC
2786,wkrótce,1,GBABB
2787,trzypokojowy,1,CAB
2788,mieszkanie,1,AEBAA
2789,gabinet,1,ACAAAAA
2790,stomatologiczny,1,CAB
2791,skoordynowany,1,BAAA
2792,rosnąć,1,BAEB
2793,metodycznie,1,FB
2794,sympatyzujący,1,BAAA
2795,pochowany,1,BDA
2796,raniony,1,BBCA
2797,dobity,1,BAFB
2798,poszukiwanie,1,AEBAA
2799,pochować,1,BDA
2800,opuścić,1,BBCA
2801,kryjówka,1,ADAB
2802,opanować,1,BAAA
2803,antyterrorystyczna,1,-
2804,niezdetonowane,1,-
2805,odwiedzić,1,BBCA
2806,zaskoczyć,1,BCCA
2807,usłyszenie,1,AEBAA
2808,kazać,1,BAAFA
2809,zebrać,1,BAAFA
2810,tożsamość,1,ADCCA
2811,trzydziestokilkuletni,1,-
2812,konto,1,AEAAAB
2813,wiara,1,ADAAA
2814,wart,1,CCBBA
2815,wierzący,1,AAEB
2816,robienie,1,AEBAA
2817,zablokowany,1,BAAA
2818,myślistwo,1,AEAAAB
2819,masoneria,1,ADACBAA
2820,mieszanie,1,AEBAA
2821,nieoficjalny,1,CAB
2822,rzeczywiście,1,FC
2823,sylwetka,1,ADAB
2824,podsumować,1,BAAA
2825,strata,1,ADAAA
2826,sąsiedni,1,CBB
2827,londyńskie,1,-
2828,metro,1,AEAAAB
2829,nastąpić,1,BBCA
2830,kompleks,1,ACAAAAA
2831,front,1,ACAAAAA
2832,zasypać,1,BAAFA
2833,odpadki,1,AGBB
2834,niepełny,1,CAB
2835,trafiony,1,BBCA
2836,pogotowie,1,AEBAC
2837,przechodni,1,CBB
2838,pomagać,1,BDA
2839,pokaleczony,1,CAB
2840,szkła,1,AGDAA
2841,paczka,1,ADAB
2842,zalecić,1,BBCA
2843,wypadek,1,ACABA
2844,patrol,1,ACACAA
2845,de,1,-
2846,facto,1,-
2847,wyjątkowy,1,CAB
2848,znacznie,1,FB
2849,wyjeżdżać,1,BDA
2850,pusty,1,CAB
2851,urząd,1,ACAAAAAB
2852,przeciążony,1,CAB
2853,udostępnienie,1,AEBAA
2854,bezprzewodowy,1,CAB
2855,ucierpieć,1,BBBA
2856,uspokajać,1,BDA
2857,rozgrywać,1,BDA
2858,biorący,1,CAA
2859,totalny,1,CAB
2860,chaos,1,ACAAAAA
2861,dopłynąć,1,BAEAB
2862,donosić,1,BBCA
2863,antyterrorystycznej,1,-
2864,lecieć,1,BBBA
2865,apelować,1,BAAA
2866,narazić,1,BBCA
2867,zwołać,1,BDA
2868,kryzysowy,1,CAB
2869,posiedzenie,1,AEBAA
2870,snucie,1,AEBAA
2871,przypuszczenie,1,AEBAA
2872,celownik,1,ACABBA
2873,afganistanu,1,-
2874,lotnictwo,1,AEAAAB
2875,nalot,1,ACAAAAA
2876,libię,1,-
2877,podany,1,BDC
2878,przeczyć,1,BCCA
2879,niecały,1,CAB
2880,niedaleki,1,CBA
2881,maleńka,1,ADACCBB
2882,północnyzachód,1,-
2883,nocować,1,BAAA
2884,g,1,-
2885,odetchnąć,1,BAEAA
2886,ulga,1,ADAB
2887,wjechać,1,BAAFA
2888,strzelba,1,ADAAA
2889,ap,1,-
2890,wskoczyć,1,BCCA
2891,schować,1,BDA
2892,podchodzić,1,BBCA
2893,niesamowicie,1,FC
2894,odpowiednio,1,FA
2895,tvn,1,-
2896,jerzy,1,-
2897,dziewulski,1,-
2898,antyterrorysta,1,-
2899,antyterrorystycznymi,1,-
2900,przebiec,1,BAFAAB
2901,zatrzymanie,1,AEBAA
2902,najwyraźniej,1,FC
2903,zadeklarowany,1,BAAA
2904,behringu,1,-
2905,posiadacz,1,AAABD
2906,fanie,1,-
2907,komputerowy,1,CAB
2908,magazyn,1,ACAAAAA
2909,palny,1,CAB
2910,timothy,1,-
2911,amerykanin,1,-
2912,kojarzony,1,CAB
2913,jednoznacznie,1,FB
2914,kojarzący,1,CAA
2915,posunąć,1,BAEAB
2916,równocześnie,1,FB
2917,antyrządowy,1,CAB
2918,doskonały,1,CAB
2919,związać,1,BAAFA
2920,zgromadzony,1,BBCA
2921,wrażliwy,1,CAB
2922,chroniony,1,BBCA
2923,alkaida,1,-
2924,talibowie,1,-
2925,skupisko,1,AEAAAA
2926,naturalny,1,CAB
2927,odizolowany,1,BAAA
2928,bombaj,1,-
2929,połączyć,1,BCCA
2930,hotel,1,ACACAA
2931,uderzyć,1,BCCA
2932,bezpośrednio,1,FC
2933,mała,1,ADACCBA
2934,przedszkole,1,AEBAC
2935,czeczeński,1,-
2936,miasteczko,1,AEAAAA
2937,biesłan,1,-
2938,aktywny,1,CAB
2939,powiązać,1,BAAFA
2940,którąś,1,-
2941,wyrzucenie,1,AEBAA
2942,wulgarnie,1,FB
2943,były,1,BEA
2944,pani,1,ADBAA
2945,zwrotny,1,CAB
2946,zastrzyk,1,ACABA
2947,trucizna,1,ADAAA
2948,fbi,1,-
2949,radykalnie,1,FB
2950,wzmocnić,1,BBCB
2951,rozbijać,1,BDA
2952,agresywny,1,CAB
2953,praktycznie,1,FB
2954,nieznany,1,CAB
2955,ukrainie,1,-
2956,przeważnie,1,FB
2957,czarny,1,CAB
2958,kolor,1,ACAAAAA
2959,kampania,1,ADACBAA
2960,demonstracja,1,ADACBAA
2961,interpol,1,-
2962,kontrwywiad,1,ACAAAAA
2963,sprowokować,1,BAAA
2964,sięgnięcie,1,AEBAA
2965,świeży,1,CAA
2966,david,1,-
2967,robot,1,ABABAAA
2968,zamieszkany,1,BDA
2969,uczęszczany,1,BDA
2970,potrójny,1,CAB
2971,dożywocie,1,AEBAC
2972,sama,1,EDAAB
2973,rosnący,1,CAA
2974,zaledwie,1,GBBBA
2975,doroczny,1,CAB
2976,nawiązywać,1,BAAB
2977,prawdopodobny,1,CAB
2978,scenariusz,1,ACACBBA
2979,wielbiciel,1,AAABCA
2980,kafki,1,-
2981,orwella,1,-
2982,powodzenie,1,AEBAA
2983,wino,1,ADAAA
2984,butelka,1,ADAB
2985,rocznik,1,ACABBA
2986,uznający,1,BDA
2987,koniec,1,ACACBC
2988,zakonnica,1,ADACABB
2989,założony,1,CAB
2990,wyprawa,1,ADAAA
2991,krzyżowa,1,ADACCBA
2992,pątników,1,-
2993,niewierny,1,AAEC
2994,zamieszczony,1,CAB
2995,prezentować,1,BAAA
2996,rynsztunek,1,ACABA
2997,krzyżowiec,1,AAACBA
2998,pas,1,ACAAAAA
2999,wycelowany,1,BAAA
3000,umieścić,1,BBCA
3001,podpis,1,ACAAAAA
3002,knights,1,-
3003,templar,1,-
3004,poświęcić,1,BBCA
3005,powstrzymanie,1,AEBAA
3006,fundamentalistów,1,-
3007,wysadzający,1,BDA
3008,wykonanie,1,AEBAA
3009,obiec,1,BAFAAB
3010,przystojny,1,CAB
3011,blondyn,1,AAADAA
3012,ot,1,GBBBA
3013,facet,1,AAADAA
3014,sąsiedztwo,1,AEAAAB
3015,uczący,1,CAA
3016,smestad,1,-
3017,następca,1,AABCBB
3018,tron,1,ACAAAAA
3019,książę,1,AAG
3020,wymordować,1,BAAA
3021,wchodzący,1,CAA
3022,skąpy,1,CAB
3023,wpis,1,ACAAAAA
3024,społecznościowych,1,-
3025,facebook,1,-
3026,twitter,1,-
3027,documentno,1,-
3028,zatytułować,1,BAAA
3029,półtora,1,DF
3030,skrzyżowanie,1,AEBAA
3031,poradnik,1,ACABBA
3032,podpisać,1,BAAFA
3033,obrazkowy,1,CAB
3034,skrócony,1,BBCA
3035,wrzucić,1,BBCA
3036,youtube,1,-
3037,chwytliwy,1,CAB
3038,medialny,1,CAB
3039,bastion,1,ACAAAAA
3040,brytyjską,1,-
3041,prezentacja,1,ADACBAA
3042,dominacja,1,ADACBAA
3043,wieszczył,1,-
3044,nadejście,1,AEBAA
3045,euroarabii,1,-
3046,turcję,1,-
3047,koń,1,AAABCA
3048,trojański,1,CBA
3049,wizja,1,ADACBAA
3050,dominować,1,BAAA
3051,eussr,1,-
3052,radziecki,1,CBA
3053,marksistowski,1,CBA
3054,sojusznik,1,AAACBA
3055,zbrojny,1,AAEC
3056,zwołanie,1,AEBAA
3057,kongres,1,ACAAAAA
3058,narodzić,1,BBCA
3059,jednolity,1,CAB
3060,stawić się,1,-
3061,czoło,1,AEAAAB
3062,historycznie,1,FB
3063,komunizm,1,ACAAAAA
3064,nazizm,1,ACAAAAA
3065,równo,1,FA
3066,nazista,1,AABDAA
3067,neonazistowski,1,CBA
3068,wygłaszać,1,BDA
3069,osiągnięcie,1,AEBAA
3070,trzydziestka,1,ADAB
3071,widywać,1,BAAB
3072,ponoć,1,GBBBA
3073,dobrowolny,1,CAB
3074,żart,1,ACAAAAA
3075,pastor,1,AAACAAAB
3076,dżinsy,1,AGAB
3077,palestyny,1,-
3078,wyglądający,1,BDA
3079,minimalistyczny,1,CAB
3080,zbiorowy,1,CAB
3081,konwersja,1,ADACBAA
3082,protestant,1,AAADAA
3083,katolicyzm,1,ACAAAAA
3084,mieszczący,1,CAA
3085,obniżka,1,ADAB
3086,podatek,1,ACABA
3087,imigracyjny,1,CAB
3088,deportowanie,1,AEBAA
3089,normalizacja,1,ADACBAA
3090,irytować,1,BAAA
3091,płacić,1,BBCA
3092,składka,1,ADAB
3093,karierowicz,1,AAABAB
3094,idealista,1,AABDAA
3095,idealistyczny,1,CAB
3096,antymuzułmańskimi,1,-
3097,islamification,1,-
3098,antyislamskiej,1,-
3099,wyprzeć,1,BABA
3100,podróżować,1,BAAA
3101,skrupulatnie,1,FB
3102,geofarm,1,-
3103,gospodarstwo,1,AEAAAB
3104,rolny,1,CAB
3105,produkować,1,BAAA
3106,asta,1,-
3107,nafaszerowanie,1,AEBAA
3108,nabyć,1,AEBAA
3109,wykorzystać,1,BDA
3110,cichy,1,CAB
3111,metamorfoza,1,ADAAA
3112,alkohol,1,ACACAA
3113,pijać,1,BDA
3114,grywać,1,BDA
3115,fanów,1,-
3116,warcraft,1,-
3117,walc,1,ABAAAB
3118,orka,1,ADAB
3119,usłyszeć,1,BCBA
3120,przecierać,1,BDA
3121,zdumienie,1,AEBAA
3122,całkiem,1,FC
3123,zwyczajny,1,CAB
3124,niezbyt,1,FC
3125,rozmowny,1,CAB
3126,grubbegata,1,-
3127,zazwyczaj,1,FC
3128,okoliczny,1,CAB
3129,wypełnić,1,BBCA
3130,mieszanka,1,ADAB
3131,paliwo,1,AEAAAB
3132,piętrowy,1,CAB
3133,wieżowiec,1,ACACBC
3134,wylecieć,1,BBBA
3135,walać,1,BDA
3136,biegać,1,BDA
3137,zdezorientowany,1,BAAA
3138,uratować,1,BAAA
3139,sanitariusz,1,AAABD
3140,przewieźć,1,BAFCAA
3141,strażak,1,AAACBA
3142,udostępnili,1,-
3143,internetowe,1,-
3144,ratownik,1,AAACBA
3145,okolica,1,ADACABB
3146,otoczony,1,CAB
3147,wieścić,1,BBCA
3148,dramatyczny,1,CAB
3149,docierać,1,BDA
3150,prom,1,ACAAAAA
3151,wpuścić,1,BBCA
3152,pojazd,1,ACAAAAA
3153,siedzący,1,CAA
3154,wypchany,1,BDA
3155,magazynek,1,ACABA
3156,zwłoka,1,ADAB
3157,upewnić,1,BBCB
3158,skoczyć,1,BCCA
3159,przeraźliwie,1,FB
3160,zimno,1,AEAAAB
3161,krzak,1,ACABBA
3162,skała,1,ADAAA
3163,skołowany,1,BAAA
3164,zaufać,1,BDA
3165,jorgen,1,-
3166,benone,1,-
3167,nasłuchiwać,1,BAAC
3168,smsów,1,-
3169,zdradzać,1,BDA
3170,słychać,1,BFB
3171,szybki,1,ADAB
3172,reagowanie,1,AEBAA
3173,swat,1,AAAAAA
3174,zgłoszenie,1,AEBAA
3175,utoyę,1,-
3176,dopływać,1,BDA
3177,podłożenie,1,AEBAA
3178,sveinung,1,-
3179,sponheim,1,-
3180,małomówny,1,CAB
3181,neurotyczny,1,CAB
3182,nasycić,1,BBCA
3183,antymuzułmańską,1,-
3184,ksenofobicznych,1,-
3185,holandii,1,-
3186,timothyego,1,-
3187,mcveigha,1,-
3188,pedantycznie,1,FB
3189,szykować,1,BAAA
3190,zamówienie,1,AEBAA
3191,rugera,1,-
3192,używany,1,BDA
3193,jeleni,1,CBB
3194,kusić,1,BBCA
3195,multikulturowych,1,-
3196,mniemanie,1,AEBAA
3197,osłabiać,1,BDA
3198,nina,1,-
3199,witoszek,1,-
3200,kulturoznawca,1,AABCBB
3201,wykładający,1,BDA
3202,rozstrzelać,1,BDA
3203,hitlerjugend,1,-
3204,pogardliwie,1,FB
3205,stoltenbergjugend,1,-
3206,potonąć,1,BAEAB
3207,lodowaty,1,CAB
3208,zemrzeć,1,BABA
3209,namiot,1,ACAAAAA
3210,toaleta,1,ADAAA
3211,wyszukiwać,1,BAAC
3212,zjawić się,1,-
3213,spóźniony,1,BBCB
3214,spóźnienie,1,AEBAA
3215,pojedynka,1,ADAB
3216,słaby,1,CAB
3217,niedzielny,1,CAB
3218,uczestniczący,1,CAA
3219,królowa,1,ADACCAA
3220,sonja,1,-
3221,zdruzgotany,1,BAAFA
3222,składać,1,BDA
3223,paść,1,BAFAAAB
3224,tradycyjny,1,CAB
3225,ekstremę,1,-
3226,tomasz,1,-
3227,bielecki,1,-
3228,opłakiwany,1,BAAC
3229,padły,1,CAB
3230,jednoczyć,1,BCCA
3231,ujawnianie,1,AEBAA
3232,afera,1,ADAAA
3233,pedofilskich,1,-
3234,krzywda,1,ADAAA
3235,bezdyskusyjnie,1,FB
3236,ważniejszy,1,CAB
3237,skandynawscy,1,-
3238,uzasadniać,1,BDA
3239,biznesowych,1,-
3240,wstrząśnięty,1,BAEAA
3241,skrzydło,1,AEAAAB
3242,spolaryzowany,1,BAAA
3243,duńczycy,1,-
3244,szwedzi,1,-
3245,duchowy,1,CAB
3246,wedle,1,-
3247,naszej,1,-
3248,ekstremum,1,AED
3249,wyznawca,1,AABCBB
3250,mizerny,1,CAB
3251,przypuszczać,1,BDA
3252,przerażać,1,BDA
3253,wypisany,1,BAAFA
3254,rozdawany,1,BAAE
3255,lewa,1,ABABAAA
3256,wizytówka,1,ADAB
3257,przetrwać,1,BDA
3258,wokół,1,GBBAA
3259,ciastko,1,AEAAAA
3260,finanse,1,AGCB
3261,kristin,1,-
3262,halvorsen,1,-
3263,debatowanie,1,AEBAA
3264,prognozować,1,BAAA
3265,politycznospołeczne,1,-
3266,następstwo,1,AEAAAB
3267,wytrwać,1,BDA
3268,naiwny,1,CAB
3269,zarazem,1,FC
3270,troska,1,ADABA
3271,niemały,1,CAB
3272,ciągły,1,CAB
3273,zwiększanie,1,AEBAA
3274,przypatrywanie się,1,-
3275,przestępczy,1,CAA
3276,hurtownia,1,ADACBAA
3277,wrocławia,1,-
3278,odczynnik,1,ACABBA
3279,wymagany,1,BDA
3280,przyrząd,1,ACAAAAA
3281,radioaktywny,1,CAB
3282,urządzenie,1,AEBAA
3283,emitujący,1,BAAA
3284,jonizujący,1,BAAA
3285,sprowadzić,1,BBCA
3286,mienie,1,AEBAA
3287,sprzedaż,1,ADCAB
3288,dyskusyjny,1,CAB
3289,norsk,1,-
3290,freakforum,1,-
3291,pyroforum,1,-
3292,przetłumaczyć,1,BCCA
3293,włączać,1,BDA
3294,pyro,1,-
3295,prat,1,-
3296,podpisujący,1,CAA
3297,bang,1,-
3298,bbang,1,-
3299,pyromaniac,1,-
3300,internetowy,1,-
3301,język,1,ACABBA
3302,poważnie,1,FB
3303,zachwalać,1,BDA
3304,tani,1,CBB
3305,posiadający,1,BDA
3306,wyczytać,1,BDA
3307,ostrożność,1,ADCCA
3308,przesyłka,1,ADAB
3309,samolot,1,ACAAAAA
3310,niemożliwy,1,CAB
3311,uznawany,1,BAAE
3312,najlepiej,1,FC
3313,odbiór,1,ACAAAAA
3314,dokąd,1,GBAA
3315,dowieźć,1,BAFCAA
3316,dostarczyć,1,BCCA
3317,gram,1,BDA
3318,kg,1,-
3319,płk,1,-
3320,podmiot,1,ACAAAAA
3321,dementować,1,BAAA
3322,pogłoska,1,ADAB
3323,sprzedać,1,BDC
3324,zamawiać,1,BDA
3325,kamuflować,1,BAAA
3326,zakup,1,ACAAAAA
3327,marginalny,1,CAB
3328,wskazujący,1,CAA
3329,chętnie,1,FB
3330,ciężko,1,FA
3331,przestraszony,1,CAB
3332,chcący,1,AAEB
3333,pobawić,1,BBCA
3334,odbierać,1,BDA
3335,sprawdzić,1,BBCA
3336,ubezpieczeniowy,1,CAB
3337,spokrewnić się,1,-
3338,łukaszem,1,-
3339,identyczny,1,CAB
3340,kontaktowy,1,CAB
3341,nieporozumienie,1,AEBAA
3342,granat,1,ACAAAAA
3343,rusznica,1,ADACABB
3344,przeciwpancerny,1,CAB
3345,praga,1,-
3346,tranzytowy,1,CAB
3347,brutalny,1,CAB
3348,gangster,1,AAACAAAB
3349,podróż,1,BCCA
3350,taksówkarz,1,AAABD
3351,nerw,1,ACAAAAA
3352,przebrany,1,BAAFA
3353,pytać,1,BDA
3354,sprawdzać,1,BDA
3355,zdystansować,1,BAAA
3356,vaclav,1,-
3357,klaus,1,-
3358,sympatia,1,ADACBAA
3359,pyta,1,ADAAA
3360,wschodni,1,CBB
3361,diabelski,1,CBA
3362,imperium,1,AED
3363,przywoływać,1,BAAB
3364,czechosłowacji,1,-
3365,wygnany,1,BDA
3366,sudeccy,1,-
3367,przyszłość,1,ADCCA
3368,naśladować,1,BAAA
3369,odniesienie,1,AEBAA
3370,tolerancyjny,1,CAB
3371,komentator,1,AAACAAAB
3372,wadim,1,-
3373,wielkonakładowym,1,-
3374,moskiewskim,1,-
3375,komsomolec,1,AAACBA
3376,przybysz,1,AAABAB
3377,demoralizujący,1,BAAA
3378,zbuntować,1,BAAA
3379,idea,1,ADACBAA
3380,sytość,1,ADCCA
3381,dowieść,1,BAFCAA
3382,szczęśliwy,1,CAB
3383,materialny,1,CAB
3384,otoczyć,1,BCCA
3385,socjalny,1,CAB
3386,zwariować,1,BAAA
3387,powiesić,1,BBCA
3388,wyrżnąć,1,BAEAA
3389,sto,1,DBGA
3390,potwierdzać,1,BDA
3391,obowiązujący,1,CAA
3392,ostateczny,1,CAB
3393,stado,1,AEAAAB
3394,mięczak,1,AAADBA
3395,tchórz,1,AAABD
3396,obrzucić,1,BBCA
3397,czeczenii,1,-
3398,chłopczyk,1,AAADBA
3399,bandyta,1,AABDAA
3400,cagarajewa,1,-
3401,zbój,1,AAABAB
3402,pułk,1,ACABA
3403,zmotoryzowany,1,BAAA
3404,moralny,1,CAB
3405,wyższość,1,ADCCA
3406,niezarażonych,1,-
3407,wirus,1,ABABAAA
3408,rosjan,1,-
3409,zniewieściały,1,CAB
3410,zamieniony,1,BBCA
3411,wyrażać,1,BDA
3412,radość,1,ADCCA
3413,moskiewski,1,-
3414,duch,1,ABABAAB
3415,ideał,1,AAACAAAB
3416,autorytet,1,ACAAAAA
3417,reporter,1,AAACAAAB
3418,przestudiować,1,BAAA
3419,stronicowy,1,-
3420,wspominany,1,BDA
3421,rosja,1,-
3422,sposób,1,BBCA
3423,nabycie,1,AEBAA
3424,biologiczny,1,CAB
3425,jądrowy,1,CAB
3426,wychowywać,1,BAAB
3427,kulturalnokonserwatywną,1,-
3428,patriotyczny,1,CAB
3429,wychowanie,1,AEBAA
3430,stworzony,1,CAB
3431,proputinowska,1,-
3432,ustroić,1,BBCA
3433,putinowskiej,1,-
3434,nieudolny,1,CAB
3435,masa,1,ADAAA
3436,zastąpiony,1,BBCA
3437,wrażenie,1,AEBAA
3438,sprawiedliwy,1,CAB
3439,przywódca,1,AABCBB
3440,godny,1,CAB
3441,szacunek,1,ACABA
3442,potencjalnie,1,FB
3443,moskwy,1,-
3444,świeca,1,ADACABB
3445,wpisywać,1,BAAB
3446,kondolencyjny,1,CAB
3447,dmitrij,1,-
3448,miedwiediew,1,-
3449,dostateczny,1,CAB
3450,instrument,1,ACAAAAA
3451,graniczny,1,CAB
3452,śledzenie,1,AEBAA
3453,niezauważenie,1,AEBAA
3454,bądź,1,GBBAB
3455,niedocenienie,1,-
3456,wykrywalny,1,CAB
3457,technik,1,AAACBA
3458,skupiać,1,BDA
3459,luka,1,ADAB
3460,wypaść,1,BAFAAAB
3461,skandynawskie,1,-
3462,zaangażowany,1,BAAA
3463,libii,1,-
3464,matthew,1,-
3465,goodwin,1,-
3466,nottingham,1,-
3467,znawca,1,AABCBB
3468,pojedynczy,1,CAA
3469,umknąć,1,BAEAA
3470,zapatrzony,1,CAB
3471,poohla,1,-
3472,fundacja,1,ADACBAA
3473,expo,1,-
3474,zwiastun,1,AAADAA
3475,karmiący,1,CAA
3476,islamofobią,1,-
3477,przeformułowanie,1,AEBAA
3478,priorytet,1,ACAAAAA
3479,wzięcie,1,AEBAA
3480,niewykluczone,1,-
3481,winowajca,1,AABCBB
3482,należący,1,CAA
3483,schengen,1,-
3484,przyłączyć,1,BCCA
3485,bezgraniczny,1,CAB
3486,nieprawdopodobny,1,CAB
3487,rodzić,1,BBCA
3488,wręcz,1,GBBBA
3489,nieco,1,FC
3490,wiarygodność,1,ADCCA
3491,przekonujący,1,CAA
3492,czasowy,1,CAB
3493,zamykanie,1,AEBAA
3494,prezydentura,1,ADAAA
3495,georgea,1,-
3496,busha,1,-
3497,zrażony,1,BBCA
3498,zagadka,1,ADAB
3499,scena,1,ADAAA
3500,stopniowy,1,CAB
3501,erozja,1,ADACBAA
3502,wysiedlenie,1,AEBAA
3503,dyskryminacja,1,ADACBAA
3504,groźniejszy,1,CAB
3505,hitlera,1,-
3506,nauczyć,1,BCCA
3507,wspaniały,1,CAB
3508,aldous,1,-
3509,huxley,1,-
3510,właściwie,1,FB
3511,przeniknąć,1,BAEAA
3512,przeszywać,1,BDA
3513,przeszyć,1,AEBAA
3514,dotkliwiej,1,FC
3515,ciarka,1,ADAB
3516,kiedyś,1,GBABB
3517,hitler,1,-
3518,stalin,1,-
3519,mao,1,-
3520,wcielać,1,BDA
3521,koncentracyjny,1,CAB
3522,komora,1,ADAAA
3523,gazowy,1,CAB
3524,wywózka,1,ADAB
3525,reedukacja,1,ADACBAA
3526,wyobrazić,1,BBCA
3527,świetny,1,CAB
3528,angielszczyzna,1,ADAAA
3529,połączenie,1,AEBAA
3530,traktat,1,ACAAAAA
3531,filozoficzny,1,CAB
3532,element,1,ACAAAAA
3533,przewodnik,1,AAACBA
3534,instrukcja,1,ADACBAA
3535,kawałek,1,ACABBA
3536,porównywać,1,BAAB
3537,hitlerem,1,-
3538,fhrerem,1,-
3539,kuriozum,1,AED
3540,ideologicznie,1,FB
3541,katechizm,1,ACAAAAA
3542,współobywatelach,1,-
3543,totalitaryzm,1,ACAAAAA
3544,czytanie,1,AEBAA
3545,technicznie,1,FB
3546,niewykonalny,1,CAB
3547,dysk,1,ACABA
3548,przynieść,1,BAFCAA
3549,odwrotny,1,CAB
3550,zakazany,1,BAAFA
3551,atrakcyjność,1,ADCCA
3552,narodziny,1,AGAAA
3553,memento,1,AEE
3554,psychologów,1,-
3555,obnażać,1,BDA
3556,szukanie,1,AEBAA
3557,recepta,1,ADAAA
3558,garść,1,ADCAAA
3559,demokrata,1,AABDAA
3560,odcinać,1,BDA
3561,zastanowić,1,BBCA
3562,zanim,1,GBBAB
3563,sądowa,1,-
3564,obrażanie,1,AEBAA
3565,populistów,1,-
3566,jimmie,1,-
3567,akesson,1,-
3568,burek,1,ABAC
3569,wyścig,1,ACABA
3570,zasiłek,1,ACABA
3571,dystansować,1,BAAA
3572,emeryt,1,AAADAA
3573,narodowiec,1,AAACBA
3574,zakwefionymi,1,-
3575,darmozjad,1,AAACAAAB
3576,węgierski,1,CBA
3577,jobbiku,1,-
3578,cygański,1,CBA
3579,węgrzech,1,-
3580,umysł,1,ACAAAAA
3581,wybiegać,1,BDA
3582,opłotki,1,AGBB
3583,dyskurs,1,ACAAAAA
3584,antymuzułmański,1,-
3585,antyimigrancki,1,-
3586,nadziać,1,BAFBD
3587,blef,1,ACAAAAA
3588,wyobraźnia,1,ADACBAA
3589,grafoman,1,AAADAA
3590,columbine,1,-
3591,naśladowany,1,BAAA
3592,rozbroić,1,BBCA
3593,skazanie,1,AEBAA
3594,globalny,1,CAB
3595,wyznający,1,BDA
3596,bóg,1,AAAAAB
3597,próbujący,1,BAAA
3598,blogerzy,1,-
3599,zapisek,1,ACABA
3600,uważnie,1,FB
3601,stronnicowym,1,-
3602,popularność,1,ADCCA
3603,najczęściej,1,FC
3604,amerykan,1,ABABAAA
3605,pamela,1,-
3606,poddana,1,ADACCBA
3607,ostracyzm,1,ACAAAAA
3608,autorka,1,ADAB
3609,bestseller,1,ACAABAA
3610,miesięcznie,1,FB
3611,seks,1,ACAAAAA
3612,koza,1,ADAAA
3613,zamieścić,1,BBCA
3614,podobizna,1,ADAAA
3615,świński,1,CBA
3616,ryć,1,AEBAA
3617,serbów,1,-
3618,bośni,1,-
3619,obama,1,-
3620,sfałszować,1,BAAA
3621,urodzenie,1,AEBAA
3622,amerykaninem,1,-
3623,Arab,1,AAAAAA
3624,gaz,1,ACAAAAA
3625,przynajmniej,1,FC
3626,solidnie,1,FB
3627,bombardować,1,BAAA
3628,robertem,1,-
3629,spencerem,1,-
3630,popularny,1,CAB
3631,ameryk,1,ACABA
3632,pomyślenie,1,AEBAA
3633,wzmianka,1,ADAB
3634,islamskolewicowej,1,-
3635,machina,1,ADAAA
3636,propagandowy,1,CAB
3637,wytrwale,1,FB
3638,edukować,1,BAAA
3639,cytat,1,ACAAAAA
3640,wypowiadać,1,BDA
3641,pozytywnie,1,FB
3642,obamie,1,-
3643,współwinny,1,AAEC
3644,śmieszny,1,CAB
3645,podżegać,1,BDA
3646,rasista,1,AABDAA
3647,pomylić,1,BBCA
3648,spencera,1,-
3649,odezwać się,1,-
3650,beatles,1,AAADAA
3651,seryjny,1,CAB
3652,charles,1,-
3653,manson,1,-
3654,piosenka,1,ADAB
3655,wykorzystywany,1,BAAB
3656,zdyskredytować,1,BAAA
3657,dżihadowi,1,-
3658,supremacja,1,ADACBAA
3659,oczywiście,1,GBBBA
3660,antymuzułmańskich,1,-
3661,the,1,-
3662,new,1,-
3663,york,1,-
3664,times,1,-
3665,marc,1,-
3666,sageman,1,-
3667,oficer,1,AAAAAA
3668,cia,1,-
3669,konsultant,1,AAADAA
3670,myśliciel,1,AAABCA
3671,alkaidę,1,-
3672,cóż,1,EGD
3673,pisarstwo,1,AEAAAB
3674,taka,1,-
3675,jakiej,1,-
3676,zostawać,1,BAAE
3677,wymieniać,1,BDA
3678,blog,1,-
3679,little,1,-
3680,green,1,-
3681,footballs,1,-
3682,antyislamskie,1,-
3683,sentyment,1,ACAAAAA
3684,aldżazira,1,-
3685,przepisany,1,BAAFA
3686,amerykanina,1,-
3687,kaczynskiego,1,-
3688,bloger,1,-
3689,gates,1,-
3690,vienna,1,-
3691,wyłączyć,1,BCCA
3692,antymuzułmańskie,1,-
3693,tyrada,1,ADAAA
3694,początkowo,1,FC
3695,wpadka,1,ADAB
3696,michelle,1,-
3697,komentatorka,1,ADAB
3698,fox,1,-
3699,news,1,-
3700,rozpisywać,1,BAAB
3701,złowrogi,1,CBA
3702,krekarze,1,-
3703,wygrażać,1,BDA
3704,ojczyzna,1,ADAAA
3705,profesor,1,AAAAAA
3706,nitze,1,-
3707,johna,1,-
3708,hopkinsa,1,-
3709,konkluzja,1,ADACBAA
3710,odpisać,1,BAAFA
3711,dzielić,1,BBCA
3712,oświecić,1,BBCA
3713,groźba,1,ADAAA
3714,krekar,1,-
3715,terroryzować,1,BAAA
3716,washington,1,-
3717,post,1,ACAAAAA
3718,czujnie,1,FB
3719,dopuszczalny,1,CAB
3720,geira,1,-
3721,lippestadta,1,-
3722,zmęczony,1,CAB
3723,zakłopotany,1,BAAFA
3724,wyjątkowo,1,FC
3725,oznaka,1,ADAB
3726,opierać,1,BDA
3727,wysoki,1,CBA
3728,zdziwić,1,BBCA
3729,wystarczająco,1,FC
3730,ekstremalny,1,CAB
3731,obiekt,1,ACAAAAA
3732,dodatkowo,1,FC
3733,zasłynąć,1,BAEAB
3734,wiezienie,1,AEBAA
3735,benjamina,1,-
3736,hermansena,1,-
3737,pojęcie,1,AEBAA
3738,spotkać,1,BDA
3739,pogrążony,1,CAB
3740,smutek,1,ACABA
3741,wyciszyć,1,BCCA
3742,spora,1,ADAAA
3743,składany,1,BDA
3744,upamiętnienie,1,AEBAA
3745,zagospodarowanie,1,AEBAA
3746,zaoferować,1,BAAA
3747,milioner,1,AAACAAAB
3748,stordalen,1,-
3749,późno,1,FA
3750,zignorować,1,BAAA
3751,zwierać,1,BDA
3752,szereg,1,ACABA
3753,spisać,1,BAAFA
3754,fantastycznie,1,FB
3755,storberget,1,-
3756,kontrastować,1,BAAA
3757,przekonać,1,BDA
3758,test,1,ACAAAAA
3759,czujny,1,CAB
3760,aftenposten,1,-
3761,christiana,1,-
3762,hatlo,1,-
3763,teoretycznie,1,FB
3764,przewidujący,1,CAA
3765,utrudnienie,1,AEBAA
3766,dostępność,1,ADCCA
3767,onz,1,-
3768,leiv,1,-
3769,k,1,-
3770,wzmocnienie,1,AEBAA
3771,kupujący,1,BAAA
3772,podejrzewać,1,BDA
3773,kilkakrotnie,1,FC
3774,zabraknąć,1,BGE
3775,inicjatywa,1,ADAAA
3776,prezydencji,1,-
3777,zbierać,1,BDA
3778,usprawnić,1,BBCB
3779,europolu,1,-
3780,dokładny,1,CAB
3781,portret,1,ACAAAAA
3782,sklep,1,ACAAAAA
3783,keten,1,ACAAAAA
3784,azotyn,1,ACAAAAA
3785,sód,1,ADAAA
3786,nadużywany,1,BDA
3787,psychopata,1,AABDAA
3788,policzek,1,ACABBA
3789,antyislamskiego,1,-
3790,potępiać,1,BDA
3791,przyjaźnić się,1,-
3792,przystojniak,1,AAACBA
3793,żenić,1,BBCA
3794,programowo,1,FC
3795,angielsku,1,-
3796,emerytowany,1,CAB
3797,davida,1,-
3798,placówka,1,ADAB
3799,teheranie,1,-
3800,oecd,1,-
3801,wenche,1,-
3802,rozwieść,1,BAFCAA
3803,starszy,1,CAB
3804,ożenić,1,BBCA
3805,bezskutecznie,1,FB
3806,zerwać,1,BAAFB
3807,rodzinny,1,CAB
3808,nieobecność,1,ADCCA
3809,sprawić,1,BBCA
3810,łatwy,1,CAB
3811,rozpatrywany,1,BAAB
3812,uprzywilejowany,1,BAAA
3813,macocha,1,ADAAA
3814,tove,1,-
3815,oszczędzać,1,BDA
3816,ideologicznoosobistych,1,-
3817,wywód,1,ACAAAAA
3818,pogrupować,1,BAAA
3819,emerytura,1,ADAAA
3820,żona,1,ADAAA
3821,zniknąć,1,BAEAA
3822,obyczajowy,1,CAB
3823,mąż,1,AAAAB
3824,partnerka,1,ADAB
3825,partner,1,AAACAAAB
3826,podobno,1,GBBBA
3827,kosztowny,1,CAB
3828,choroba,1,ADAAA
3829,weneryczny,1,CAB
3830,upadek,1,ACABA
3831,likwidacja,1,ADACBAA
3832,patriarchat,1,ACAAAAA
3833,odzwierciedlać,1,BDA
3834,liceum,1,AED
3835,klasa,1,ADAAA
3836,szczycić się,1,-
3837,czołowy,1,CAB
3838,grafficiarzy,1,-
3839,pokrywający,1,BDA
3840,przyjaźnie,1,FB
3841,pakistańskiego,1,-
3842,zintegrować,1,BAAA
3843,wybierać,1,BDA
3844,świadomie,1,FB
3845,chrzestna,1,ADACCBA
3846,uchodźczyni,1,-
3847,chile,1,-
3848,napaść,1,ADCCA
3849,okraść,1,BAFAAAA
3850,hiphopowym,1,-
3851,towarzystwo,1,AEAAAB
3852,rozejść się,1,-
3853,zainteresować,1,BAAA
3854,ćpać,1,BDA
3855,kierunek,1,ACABA
3856,ekonomia,1,ADACBAA
3857,zarządzanie,1,AEBAA
3858,towarzyski,1,CBA
3859,przelotny,1,CAB
3860,romans,1,ACAAAAA
3861,status,1,ACAAAAA
3862,zapobiegliwość,1,ADCCA
3863,urok,1,ACABA
3864,brytyjskich,1,-
3865,donieść,1,BAFCAA
3866,plastyczny,1,CAB
3867,przełomowy,1,CAB
3868,przebudzenie,1,AEBAA
3869,serbii,1,-
3870,wypędzenie,1,AEBAA
3871,albańczyków,1,-
3872,kosowa,1,-
3873,gorąco,1,AEAABA
3874,sprzeciwiać się,1,-
3875,kandydować,1,BAAA
3876,radny,1,AAEC
3877,rozwód,1,ACAAAAA
3878,umiarkowany,1,CAB
3879,świadczący,1,CAA
3880,oświadczyć,1,BCCA
3881,wywiadowczy,1,CAA
3882,priorytetowy,1,CAB
3883,istnienie,1,AEBAA
3884,zamieszany,1,BDA
3885,brytyjski,1,-
3886,tuz,1,AAACAAAB
3887,brytyjskie,1,-
3888,starać się,1,-
3889,dług,1,ACABA
3890,normalna,1,ADACCBA
3891,skrzywiony,1,BBCA
3892,autobus,1,ACAAAAA
3893,podjechać,1,BAAFA
3894,wysiąść,1,BAFCAA
3895,bagaż,1,ACACAB
3896,saper,1,AAACAAAB
3897,pożarna,1,-
3898,stopniowo,1,FC
3899,przywracać,1,BDA
3900,podwyższony,1,CAB
3901,patrolować,1,BAAA
3902,tabloidu,1,-
3903,verdens,1,-
3904,gang,1,ACABA
3905,stwierdzenie,1,AEBAA
3906,potok,1,ACABA
3907,wtorkowy,1,CAB
3908,utrzymać,1,BDA
3909,pobudzenie,1,AEBAA
3910,lek,1,ACABAB
3911,płynąć,1,BAEAB
3912,słyszeć,1,BCBA
3913,nieustający,1,CAA
3914,wylądować,1,BAAA
3915,plaża,1,ADACABB
3916,pobiec,1,BAFAAB
3917,las,1,ACAAAAA
3918,haavard,1,-
3919,gaasbakk,1,-
3920,pistolklubbu,1,-
3921,dwukrotnie,1,FC
3922,wydalić,1,BBCA
3923,loża,1,ADACABB
3924,szkolenie,1,AEBAA
3925,zawód,1,ACAAAAA
3926,zastrzegać,1,BDA
3927,zauważyć,1,BCCA
3928,sprzyjać,1,BDA
3929,smoleński,1,-
3930,krakowie,1,-
3931,sprzyjający,1,BDA
3932,wielokulturowej,1,-
3933,fundamentalista,1,-
3934,nadciągać,1,BDA
3935,prorok,1,AAACBA
3936,przewidzieć,1,BBBA
3937,opisywanie,1,AEBAA
3938,przeżywać,1,BDA
3939,dostrzegać,1,BDA
3940,całość,1,ADCCA
3941,symptom,1,ACAAAAA
3942,towarzyszyć,1,BCCA
3943,napięcie,1,AEBAA
3944,istota,1,ADAAA
3945,struktura,1,ADAAA
3946,zlepek,1,ACABA
3947,dostosowanie,1,AEBAA
3948,tworzyć,1,BCCA
3949,asymilacyjny,1,CAB
3950,jedność,1,ADCCA
3951,romantyczny,1,CAB
3952,wynalazek,1,ACABA
3953,wyrosły,1,CAB
3954,norma,1,ADAAA
3955,przybyły,1,BEB
3956,agresja,1,ADACBAA
3957,idący,1,CAA
3958,kakofonia,1,ADACBAA
3959,mitologia,1,ADACBAA
3960,wiking,1,AAAAB
3961,szanować,1,BAAA
3962,mason,1,AAADAA
3963,marzyć,1,BCCA
3964,powołanie,1,AEBAA
3965,walczący,1,CAA
3966,kaczyńskiego,1,-
3967,niezrównoważony,1,CAB
3968,przytulać,1,BDA
3969,odklejać,1,BDA
3970,grupka,1,ADAB
3971,śledczy,1,AAEB
3972,siatka,1,ADAB
3973,kupa,1,ADAAA
3974,inteligentny,1,CAB
3975,ubzdurać,1,BDA
3976,islamistyczny,1,CAB
3977,samobójca,1,AABCBB
3978,pokiereszowany,1,BAAA
3979,wyrastać,1,BDA
3980,urlike,1,-
3981,zmysł,1,ACAAAAA
3982,podkładanie,1,AEBAA
3983,supermarketach,1,-
3984,porywanie,1,AEBAA
3985,mordowanie,1,AEBAA
3986,przemysłowiec,1,AAACBA
3987,przekonanie,1,AEBAA
3988,funkcjonować,1,BAAA
3989,rachunek,1,ACABA
3990,rozwiązywanie,1,AEBAA
3991,wyjątek,1,ACABA
3992,niedawny,1,CAB
3993,peryferyjny,1,CAB
3994,przyjazny,1,CAB
3995,pozór,1,ACAAAAA
3996,bezproblemowy,1,CAB
3997,multikulturalizm,1,-
3998,teoretyk,1,AAACBA
3999,liberał,1,AAAAAA
4000,pięknoduch,1,AAACBA
4001,cywilizacyjny,1,CAB
4002,feudalizm,1,ACAAAAA
4003,biblioteka,1,ADAB
4004,nierówność,1,ADCCA
4005,ekonomiczny,1,CAB
4006,emigracja,1,ADACBAA
4007,demografia,1,ADACBAA
4008,starzeć się,1,-
4009,schizofreniczny,1,CAB
4010,dostatek,1,ACABA
4011,znak,1,ACABA
4012,islamizmem,1,-
4013,rzeczywisty,1,CAB
4014,asymilacja,1,ADACBAA
4015,kryzys,1,ACAAAAA
4016,urągać,1,BDA
4017,polakom,1,-
4018,czechom,1,-
4019,zabierać,1,BDA
4020,rozpoznać,1,BDA
4021,potomek,1,AAAAB
4022,pokolenie,1,AEBAA
4023,algierii,1,-
4024,turcji,1,-
4025,dziadek,1,AAAAB
4026,wykorzenić,1,BBCA
4027,konkretny,1,CAB
4028,wpływowy,1,CAB
4029,zmierzch,1,ACAAAB
4030,niemodny,1,CAB
4031,świt,1,ACAAAAA
4032,ksenofob,1,AAADAA
4033,imigranckie,1,-
4034,osiedlać,1,BDA
4035,siak,1,-
4036,wyobrażenie,1,AEBAA
4037,zło,1,AEAAAA
4038,przywlec,1,BAFCAB
4039,ratunek,1,ACABA
4040,homogeniczność,1,ADCCA
4041,racjonalnie,1,FB
4042,myć,1,AEBAA
4043,wymyślać,1,BDA
4044,zresztą,1,GBBBA
4045,skomplikować,1,BAAA
4046,mniejszościowy,1,CAB
4047,wielożeństwo,1,AEAAAB
4048,obrzezanie,1,AEBAA
4049,tolerować,1,BAAA
4050,znakomity,1,CAB
4051,podglebie,1,-
4052,asymilować,1,BAAA
4053,specyfik,1,ACABA
4054,poszczególny,1,CAB
4055,szerszy,1,CAB
4056,prawidła,1,-
4057,zawierać,1,BDA
4058,długi,1,ACABA
4059,wspólny,1,CAB
4060,specyfika,1,ADAB
4061,niemiec,1,-
4062,danii,1,-
4063,szczegółowy,1,CAB
4064,rozwiązanie,1,AEBAA
4065,mówienie,1,AEBAA
4066,oficjalny,1,CAB
4067,zadekretowanie,1,-
4068,wyprostować,1,BAAA
4069,cudowny,1,CAB
4070,wielokulturową,1,-
4071,europę,1,-
4072,byśmy,1,-
4073,ustawodawstwo,1,AEAAAB
4074,duńskiej,1,-
4075,ludowy,1,CAB
4076,nicolas,1,-
4077,sarkozy,1,-
4078,urządzać,1,BDA
4079,antyromskie,1,-
4080,heca,1,ADACABB
4081,zakamuflowany,1,BAAA
4082,nawoływanie,1,AEBAA
4083,budzący,1,CAA
4084,niesmak,1,ACABA
4085,populizm,1,-
4086,pozyskiwanie,1,AEBAA
4087,integrować,1,BAAA
4088,socjalistyczny,1,CAB
4089,komunista,1,AABDAA
4090,umowa,1,ADAAA
4091,protest,1,ACAAAAA
4092,grubszy,1,CAB
4093,czucie,1,AEBAA
4094,pokrzywdzony,1,BBCA
4095,fizycznie,1,FB
4096,zagrożony,1,BBCA
4097,zamieszki,1,AGBA
4098,arabski,1,CBA
4099,podparyskich,1,-
4100,blokowiskach,1,-
4101,rewanż,1,ACACACB
4102,zasiać,1,BAFBD
4103,kilogram,1,ACAABAA
4104,niepewność,1,ADCCA
4105,przypadkowy,1,CAB
4106,umówić,1,BBCA
4107,kliniczny,1,CAB
4108,bezsporny,1,CAB
4109,fachowiec,1,AAACBA
4110,wypracowywać,1,BAAB
4111,procedura,1,ADAAA
4112,zagubić,1,BBCA
4113,ufność,1,ADCCA
4114,taktyka,1,AAACBA
4115,dłuższy,1,CAB
4116,meta,1,ADAAA
4117,niszczyć,1,BCCA
4118,maszyna,1,ADAAA
4119,upatrywać,1,BAAB
4120,islamizmu,1,-
4121,rozszerzyć,1,BCCA
4122,doczekać,1,BDA
4123,niebawem,1,FC
4124,monitoringu,1,-
4125,ufny,1,CAB
4126,beztroski,1,ADABA
4127,nonszalancki,1,CBA
4128,irlandzkiej,1,-
4129,republikański,1,CBA
4130,pubie,1,-
4131,wagonik,1,ACABBA
4132,wisieć,1,BBBA
4133,tabliczka,1,ADAB
4134,napis,1,ACAAAAA
4135,pakunek,1,ACABA
4136,zostawiać,1,BDA
4137,siedzenie,1,AEBAA
4138,rozłożony,1,CAB
4139,cień,1,BBCA
4140,izraelu,1,-
4141,izraelskie,1,-
4142,standard,1,ACAAAAA
4143,torebka,1,ADAB
4144,plecak,1,ACABBA
4145,wejście,1,AEBAA
4146,koegzystować,1,BAAA
4147,recenzja,1,ADACBAA
4148,rozsądny,1,CAB
4149,zawiesić,1,BBCA
4150,ograniczyć,1,BCCA
4151,padać,1,BDA
4152,grunt,1,ACAAAAA
4153,skutkować,1,BAAA
4154,bezpieczniejszy,1,CAB
4155,drobiazgowy,1,CAB
4156,wyrywkowy,1,CAB
4157,lądowy,1,CAB
4158,zrzeszanie,1,AEBAA
4159,zaszokowany,1,BAAA
4160,nastrój,1,BBCA
4161,sztywny,1,CAB
4162,reguła,1,ADAAA
4163,dawno,1,FA
4164,trade,1,-
4165,miękkość,1,ADCCA
4166,udaremnić,1,BBCB
4167,ograniczanie,1,AEBAA
4168,przemiana,1,ADAAA
4169,zbiór,1,ACAAAAA
4170,perspektywa,1,ADAAA
4171,ściśle,1,FB
4172,brawo,1,AEAAAB
4173,stary,1,CAA
4174,chwilowy,1,CAB
4175,wahnięcie,1,AEBAA
4176,alert,1,ACAAAAA
4177,ur,1,-
4178,historyk,1,AAACBA
4179,założyciel,1,AAABCA
4180,niemieckożydowskich,1,-
4181,bundeswehry,1,-
4182,monachium,1,-
4183,podziać,1,BAFBD
4184,pomocniczy,1,CAA
4185,krakowski,1,CBA
4186,grzegorz,1,-
4187,brzydko,1,FA
4188,głośno,1,FA
4189,argument,1,ACAAAAA
4190,uwikłany,1,BDA
4191,pokusa,1,ADAAA
4192,tischner,1,-
4193,koniecznie,1,FB
4194,gospodarka,1,ADAB
4195,itd,1,-
4196,wystarczać,1,BDA
4197,funkcja,1,ADACBAA
4198,głoszenie,1,AEBAA
4199,sakrament,1,ACAAAAA
4200,budowanie,1,AEBAA
4201,narzędzie,1,AEBAC
4202,mocniejszy,1,CAB
4203,przepraszać,1,BDA
4204,miesięcznik,1,ACABBA
4205,nominacja,1,ADACBAA
4206,biskupi,1,AAADAA
4207,rysi,1,CBB
4208,episkopat,1,ACAAAAA
4209,zamierzać,1,BDA
4210,podział,1,BAFBD
4211,tropienie,1,AEBAA
4212,obdarzony,1,CAB
4213,obowiązek,1,ACABA
4214,bronienie,1,AEBAA
4215,contra,1,G
4216,omnes,1,-
4217,najświeższy,1,CAB
4218,nazywanie,1,AEBAA
4219,dariusz,1,-
4220,iść,1,BAFCAA
4221,głupiec,1,AAACAAAA
4222,wykorzystywać,1,BAAB
4223,wciskać,1,BDA
4224,polecać,1,BDA
4225,oburzenie,1,AEBAA
4226,profil,1,ACACAA
4227,skłaniać,1,BDA
4228,chrześcijaństwo,1,AEAAAB
4229,aniżeli,1,GBBAB
4230,fundamentalizmy,1,-
4231,laicki,1,CBA
4232,jan,1,-
4233,encyklika,1,ADAB
4234,centesimus,1,-
4235,annus,1,-
4236,fanatyzm,1,ACAAAAA
4237,fundamentalizmu,1,-
4238,uważający,1,BDA
4239,naukowy,1,CAB
4240,uprawniony,1,BBCB
4241,narzucanie,1,AEBAA
4242,koncepcja,1,ADACBAA
4243,dobra,1,AGDAA
4244,adam,1,-
4245,odwrót,1,ACAAAAA
4246,rozsądzić,1,BBCA
4247,mnożyć,1,BCCA
4248,absurdalny,1,CAB
4249,areszt,1,ACAAAAA
4250,baerum,1,-
4251,kompletny,1,CAB
4252,kwadratowy,1,CAB
4253,muszla,1,ADACBAA
4254,klozetowy,1,CAB
4255,dagens,1,-
4256,naeringsliv,1,-
4257,rozumienie,1,AEBAA
4258,honor,1,ACAAAAA
4259,japończyk,1,-
4260,pojąć,1,BAFCB
4261,europejczyk,1,-
4262,japonię,1,-
4263,koreę,1,-
4264,tajwan,1,-
4265,jednonarodowe,1,-
4266,odrzucający,1,BDA
4267,sojusz,1,ACACACB
4268,złudzenie,1,AEBAA
4269,spełnić,1,BBCA
4270,dwójka,1,ADAB
4271,wynosić,1,BBCA
4272,mecenas,1,AAADAA
4273,utracić,1,BBCA
4274,ujawniany,1,BDA
4275,rewelacja,1,ADACBAA
4276,abdykacja,1,ADACBAA
4277,udzielony,1,BBCA
4278,dwojaki,1,ACABBA
4279,papieros,1,ABABAAA
4280,ubranie,1,AEBAA
4281,nierealistyczny,1,CAB
4282,realny,1,CAB
4283,garnitur,1,ACAAAAA
4284,fotoreporter,1,AAACAAAB
4285,popis,1,ACAAAAA
4286,pozdrowić,1,BBCA
4287,niedoszły,1,CAB
4288,kieszeń,1,ADCAAA
4289,kartka,1,ADAB
4290,ustalić,1,BBCA
4291,szansa,1,ADACABA
4292,samochódpułapkę,1,-
4293,wsiąść,1,BAFCAA
4294,auto,1,AEAAAB
4295,lipcowy,1,CAB
4296,wina,1,ADAAA
4297,dopuszczający,1,BDA
4298,niszczenie,1,AEBAA
4299,etniczności,1,-
4300,obalenie,1,AEBAA
4301,zastąpienie,1,AEBAA
4302,kilkusetstronicowy,1,CAB
4303,trafić,1,BBCA
