lp,słowo,liczba,etykieta
1,on,300,EAAA
2,breivik,269,-
3,który,170,EAB
4,to,166,EEAAA
5,osoba,140,ADAAA
6,zamach,130,ACAAAB
7,norwegii,126,-
8,norweski,120,CBA
9,wyspa,119,ADAAA
10,oslo,111,-
11,ta,105,EDAAA
12,breivika,99,-
13,anders,98,-
14,utøya,97,-
15,jak,86,ABAC
16,człowiek,81,AAHA
17,więzienie,79,AEBAA
18,zostać,78,BAFABD
19,rok,77,ACEA
20,sąd,71,ACAAAAA
21,ten,70,EAABA
22,ma,63,EDAAB
23,czy,63,EK
24,partia,62,ADACBAA
25,zamachowiec,57,AAACBA
26,taż,56,EDCA
27,inny,56,CAB
28,europ,53,ACAAAAA
29,policja,50,ADACBAA
30,mówić,50,BBCA
31,atak,50,ACABA
32,premier,48,AAACAAAB
33,ofiara,48,ADAAA
34,bycie,47,AEBAA
35,prawicowy,46,CAB
36,bronić,46,BBCA
37,masakra,46,ADAAA
38,swoja,45,EDAB
39,praca,45,ADACABB
40,zginąć,44,BAEAB
41,czas,43,ACAAAAA
42,jeden,42,CCBA
43,móc,42,BAFCABD
44,lipiec,42,ACACBC
45,wyrok,42,ACABA
46,europejski,42,CBA
47,letni,40,CBB
48,polityczny,39,CAB
49,sam,39,ACAAAAA
50,obóz,38,ACAAAAA
51,m,38,-
52,kraj,38,ACACACB
53,taki,37,EAC
54,zabić,36,AEBAA
55,władza,35,ADACABB
56,miał,35,ACAAAAA
57,kara,35,ADAAA
58,bezpieczeństwo,34,AEAAAB
59,bomba,34,ADAAA
60,raz,33,ACAAAAA
61,wiele,33,DEBA
62,chcieć,33,BACA
63,r,33,-
64,tak,32,EK
65,życie,32,AEBAA
66,manifest,32,ACAAAAA
67,terrorysta,31,AABDAA
68,służba,31,ADAAA
69,kilka,31,ADAB
70,twierdzić,30,BBCA
71,państwo,29,AEAAAB
72,społeczeństwo,28,AEAAAB
73,rząd,28,ACAAAAA
74,sprawca,28,AABCBB
75,pisać,27,BAAFA
76,proces,27,ACAAAAA
77,warunek,27,ACABA
78,uznać,26,BDA
79,wojna,26,ADAAA
80,strona,26,ADAAA
81,ja,25,AEE
82,świat,25,ACAABAB
83,powiedzieć,25,BDC
84,in,25,-
85,sprawa,25,ADAAA
86,można,25,BFBA
87,organizacja,25,ADACBAA
88,uważać,24,BDA
89,behring,24,-
90,my,24,EIA
91,która,24,-
92,rządowy,23,CAB
93,wszystek,23,CCA
94,mieć,23,BDC
95,medium,23,AED
96,izolacja,23,ADACBAA
97,tragedia,23,ADACBAA
98,bez,22,ACAAAAA
99,informacja,22,ADACBAA
100,andersa,22,-
101,policjant,22,AAADAA
102,traktowanie,22,AEBAA
103,terrorystyczny,22,CAB
104,nowy,21,CAB
105,skazać,21,BAAFA
106,kar,21,ACAAAAA
107,godzina,21,ADAAA
108,alba,21,ADAAA
109,dzień,21,ACABBB
110,prawić,21,BBCA
111,wolność,21,ADCCA
112,członek,21,AAAAB
113,gra,20,ADAAA
114,napisać,20,BAAFA
115,centrum,20,AED
116,adwokat,20,AAADAA
117,imigrant,20,AAADAA
118,dostęp,19,ACAAAAA
119,morderca,19,AABCBB
120,ona,19,EDAB
121,budynek,19,ACABA
122,kolejny,19,CAB
123,mężczyzna,19,AABDAB
124,strzelać,19,BDA
125,drugi,19,CBA
126,najwyższy,19,CAB
127,norwegia,19,-
128,musieć,19,BBBA
129,przyznać,19,BDA
130,więzienny,18,CAB
131,wybuch,18,ACAAAB
132,wydarzenie,18,AEBAA
133,której,18,-
134,uczestnik,18,AAACBA
135,skarżyć,18,BCCA
136,odbywać,18,BDA
137,dzielnica,18,ADACABB
138,nieludzki,18,CBA
139,Internet,18,ACAAAAA
140,cały,18,CAB
141,bardzo,17,FA
142,kontakt,17,ACAAAAA
143,polityk,17,AAACBA
144,stwierdzić,17,BBCA
145,zagrożenie,17,AEBAA
146,młodzieżówki,17,-
147,ręka,17,ADACBABB
148,zdanie,17,AEBAA
149,zbrodnia,17,ADACBAA
150,swa,17,EDAAB
151,polityka,17,AAACBA
152,brak,16,ACABA
153,korespondencja,16,ADACBAA
154,osiem,16,DBBA
155,samochód,16,ACAAAAA
156,lewicowy,16,CAB
157,opowiadać,16,BDA
158,strzelanina,16,ADAAA
159,pierwsza,16,ADACCBA
160,stać się,16,-
161,teraz,16,FC
162,grupa,16,ADAAA
163,ostatni,16,CBB
164,zmiana,16,ADAAA
165,polski,16,ACD
166,stan,16,ACAAAAA
167,prawica,16,ADACABB
168,czyn,16,ACAAAAA
169,największy,16,CAB
170,cel,16,ACACACB
171,np,16,-
172,ekstremista,15,AABDAA
173,śmierć,15,ADCCA
174,pot,15,ACAAAAA
175,możliwość,15,ADCCA
176,wybuchowy,15,CAB
177,zachód,15,ACAAAAA
178,stoltenberg,15,-
179,wszyscy,15,AFEC
180,rodzina,15,ADAAA
181,prawo,15,AEAAAB
182,wniosek,15,ACABA
183,historia,15,ADACBAA
184,muzułmański,15,CBA
185,islam,15,ACAAAAA
186,dziś,15,ACF
187,radykalny,15,CAB
188,dokonać,15,BDA
189,więcej,15,FC
190,terror,15,ACAAAAA
191,przebywać,14,BDA
192,maić,14,BBCA
193,kontrola,14,ADACBAA
194,wiedzieć,14,BDC
195,więzień,14,AEBAA
196,najmniej,14,FC
197,zacząć,14,BAFCB
198,piątek,14,ACABA
199,młodzież,14,ADCAB
200,jaki,14,ABAC
201,mijać,14,BDA
202,nienawiść,14,ADCCA
203,wielki,14,CBA
204,odrzucić,14,BBCA
205,słowo,14,AEAAAB
206,skrajny,14,CAB
207,terroryzm,14,ACAAAAA
208,dziecko,13,AEADB
209,skrajnie,13,FB
210,nizać,13,BAAFA
211,brać,13,ADCAAA
212,swój,13,EAABA
213,powinien,13,BFCA
214,norweg,13,-
215,wielokulturowości,13,-
216,muzułmanin,13,AAABAA
217,jakiś,13,EAF
218,ekstremizm,13,ACAAAAA
219,bombowy,12,CAB
220,nadal,12,FC
221,strzał,12,ACAAAAA
222,siedziba,12,ADAAA
223,ranna,12,ADACCBA
224,młoda,12,ADACCBA
225,większość,12,ADCCA
226,pojawić się,12,-
227,związek,12,ACABA
228,napastnik,12,AAACBA
229,dwa,12,DABB
230,nikt,12,EFA
231,przeżyć,12,AEBAA
232,część,12,ADCCA
233,później,12,FC
234,środek,12,ACABBA
235,telewizja,12,ADACBAA
236,zrobić,12,BBCA
237,wymiar,12,ACAAAAA
238,dojść,12,AEBAA
239,rocznica,12,ADACABB
240,trzeba,12,BFBA
241,skarga,12,ADAB
242,raport,12,ACAAAAA
243,okazać,12,BAAFA
244,ówczesny,12,CAB
245,pracoń,12,-
246,znaleźć,12,BAFCAA
247,żaden,12,CCBBA
248,ideologia,12,ADACBAA
249,materiał,12,ACAAAAA
250,chrześcijański,12,CBA
251,bardziej,12,FC
252,wynikać,12,BDA
253,grozić,11,BBCA
254,kto,11,EFB
255,głównie,11,FC
256,walka,11,ADABA
257,miejsce,11,AEBAA
258,stolica,11,ADACABB
259,udział,11,ACAAAAA
260,jens,11,-
261,mundur,11,ACAAAAA
262,pomoc,11,ADCAB
263,norwegię,11,-
264,uwaga,11,ADAB
265,przemoc,11,ADCAB
266,należeć,11,BCBA
267,domagać się,11,-
268,klient,11,AAADAA
269,lippestad,11,-
270,wzgląd,11,ACAAAAAB
271,miasto,11,AEAAAB
272,ojciec,11,AAAAAB
273,sposobić,11,BBCA
274,nasi,11,AFFB
275,islamski,11,CBA
276,list,10,ACAAAAA
277,czuć,10,AEBAA
278,zabijać,10,BDA
279,nastolatek,10,AAADBA
280,sierpień,10,ACACBAA
281,ładunek,10,ACABA
282,eksplozja,10,ADACBAA
283,pistolet,10,ACAAAAA
284,dwie,10,DABCA
285,którą,10,-
286,odsiadywać,10,BAAB
287,przestępstwo,10,AEAAAB
288,oddać,10,BDC
289,pozbawienie,10,AEBAA
290,problem,10,ACAAAAA
291,przypadek,10,ACABA
292,strach,10,ABABAAB
293,gazeta,10,ADAAA
294,wiadomo,10,BFBA
295,działać,10,BDA
296,pracować,10,BAAA
297,światowy,10,CAB
298,możliwy,10,CAB
299,tłumaczyć,10,BCCA
300,zbyt,10,ACAAAAA
301,obrona,10,ADAAA
302,kościół,10,ACAABAA
303,każdy,10,AAEC
304,specjalny,10,CAB
305,szalony,10,AAEC
306,istnieć,10,BAD
307,zwolnienie,10,AEBAA
308,wydawać,10,BAAE
309,zastrzelić,9,BBCA
310,głowa,9,ADAAA
311,poddać,9,BDC
312,ruch,9,ACAAAB
313,świadek,9,AAAAB
314,myśl,9,ADCCA
315,otworzyć,9,BCCA
316,psychiczny,9,CAB
317,klub,9,ACAAAAA
318,szkoła,9,ADAAA
319,geir,9,-
320,pochodzenie,9,AEBAA
321,wówczas,9,FC
322,książka,9,ADAB
323,lepszy,9,CAB
324,wtorek,9,ACABA
325,kwiecień,9,ACACBAA
326,konwencja,9,ADACBAA
327,społeczny,9,CAB
328,akt,9,ACAAAAA
329,główny,9,CAB
330,zwolennik,9,AAACBA
331,masowy,9,CAB
332,ekspert,9,AAADAA
333,wielokrotnie,9,FC
334,demokracja,9,ADACBAA
335,młodzieżowy,9,CAB
336,godz,9,-
337,przedterminowy,9,CAB
338,temat,9,ACAAAAA
339,tortura,8,ADAAA
340,rozpocząć,8,BAFCB
341,nazywać,8,BDA
342,nawóz,8,ACAAAAA
343,pojawiać się,8,-
344,oko,8,AEAAAA
345,rządzący,8,AAEB
346,sobota,8,ADAAA
347,młody,8,AAEC
348,pobyt,8,ACAAAAA
349,przegrać,8,BDA
350,prawnik,8,AAACBA
351,wynik,8,ACABA
352,zabity,8,BAFB
353,ogień,8,ACACBAA
354,wysłać,8,BAAFA
355,ochrona,8,ADAAA
356,ograniczenie,8,AEBAA
357,rzecz,8,ADCB
358,dziennik,8,ACABBA
359,droga,8,ADAB
360,adrian,8,-
361,wciąż,8,FC
362,źródło,8,AEAAAB
363,częsty,8,CAB
364,opublikowany,8,BAAA
365,apelacyjny,8,CAB
366,neonazista,8,AABDAA
367,podkreślić,8,BBCA
368,jeść,8,BDD
369,postęp,8,ACAAAAA
370,popełnić,8,BBCA
371,zmienić,8,BBCA
372,nazwisko,8,AEAAAA
373,próba,8,ADAAA
374,współczesny,8,AAEC
375,usa,8,-
376,powstrzymać,8,BDA
377,różny,8,CAB
378,głos,8,ACAAAAA
379,islamista,8,AABDAA
380,duży,8,CAB
381,strajk,7,ACABA
382,głodowy,7,CAB
383,zakład,7,ACAAAAA
384,narzekać,7,BDA
385,większy,7,CAB
386,minister,7,AAAAAA
387,sprawiedliwość,7,ADCCA
388,traktować,7,BAAA
389,zabicie,7,AEBAA
390,dać,7,BDC
391,kilkadziesiąt,7,DBFA
392,mieszkaniec,7,AAACBA
393,półtorej,7,DF
394,policyjny,7,CAB
395,podobać się,7,-
396,próbować,7,BAAA
397,niektóry,7,AAEB
398,widzieć,7,BBBA
399,przebywający,7,BDA
400,agencja,7,ADACBAA
401,poniedziałek,7,ACABA
402,storrvik,7,-
403,najbardziej,7,FC
404,tragiczny,7,CAB
405,mowa,7,ADAAA
406,rzekomy,7,CAB
407,zarówno,7,FC
408,trwać,7,BDA
409,wpływ,7,ACAAAAA
410,takiej,7,-
411,dyskusja,7,ADACBAA
412,poważny,7,CAB
413,święta,7,ADACCBA
414,instancja,7,ADACBAA
415,tyle,7,EHBA
416,potrzebować,7,BAAA
417,pułapka,7,ADAB
418,rozmowa,7,ADAAA
419,zatrzymać,7,BDA
420,angielski,7,ACD
421,ugrupowanie,7,AEBAA
422,opublikować,7,BAAA
423,zdjęcie,7,AEBAA
424,uznawać,7,BAAE
425,przeprowadzić,7,BBCA
426,ii,7,-
427,marsz,7,ABAAAB
428,imię,7,AECB
429,prowadzić,7,BBCA
430,ideologiczny,7,CAB
431,gotowy,7,CAB
432,otwarty,7,CAB
433,deklaracja,7,ADACBAA
434,niepodległość,7,ADCCA
435,liberalny,7,CAB
436,kupić,7,BBCA
437,syn,7,AAAAB
438,doświadczenie,7,AEBAA
439,podobny,7,CAB
440,wymierzony,7,CAB
441,tekst,7,ACAAAAA
442,tydzień,7,ACACBAA
443,piątkowy,7,CAB
444,nauka,7,ADAB
445,znajdować,7,BAAA
446,okres,7,ACAAAAA
447,abw,7,-
448,naśladowca,7,AABCBB
449,europa,7,-
450,oznaczać,7,BDA
451,uniwersytet,7,ACAAAAA
452,rosyjski,7,ACD
453,ks,7,-
454,playstation,6,-
455,młodzieżówka,6,-
456,ulica,6,ADACABB
457,handlowy,6,CAB
458,wyjść,6,AEBAA
459,sztuczny,6,CAB
460,siedem,6,DBBA
461,dotrzeć,6,BABA
462,bezpieczny,6,CAB
463,wyciągnąć,6,BAEAA
464,prostu,6,-
465,wyglądać,6,BDA
466,chodzić,6,BBCA
467,ląd,6,ACAAAAA
468,woda,6,ADAAA
469,najpierw,6,FC
470,łódź,6,ADCAAA
471,siedzieć,6,BBBA
472,telefon,6,ACAAAAA
473,pozwać,6,BAAFB
474,powód,6,AAAAAA
475,badanie,6,AEBAA
476,stracić,6,BBCA
477,podłożyć,6,BCCA
478,wziąć,6,BAFCAC
479,kwiat,6,ACAAAAA
480,rozprawa,6,ADAAA
481,przepis,6,ACAAAAA
482,strzelecki,6,CBA
483,wiek,6,ACABA
484,podać,6,BDC
485,obrońca,6,AABCBB
486,psychicznie,6,FB
487,robić,6,BBCA
488,tłumacz,6,AAABD
489,psychiatra,6,AABCBAB
490,zabójca,6,AABCBB
491,przyjaciel,6,AAABBB
492,wywiad,6,ACAAAAA
493,udać,6,BDC
494,obecny,6,AAEC
495,relacja,6,ADACBAA
496,początek,6,ACABA
497,dodać,6,BDC
498,skutek,6,ACABA
499,opisywać,6,BAAB
500,poniżający,6,BDA
501,swoboda,6,ADAAA
502,publiczny,6,CAB
503,osadzić,6,BBCA
504,groźny,6,CAB
505,narodowy,6,CAB
506,król,6,AAAAB
507,przejść,6,AEBAA
508,wyjście,6,AEBAA
509,zapobiec,6,BAFAAB
510,konieczny,6,CAB
511,kwestia,6,ADACBAA
512,pierwszy,6,CAB
513,prawdziwy,6,CAB
514,firma,6,ADAAA
515,substancja,6,ADACBAA
516,templariusz,6,AAABD
517,karabin,6,ACAAAAA
518,wróg,6,AAAAB
519,znany,6,BDA
520,dokument,6,ACAAAAA
521,pogląd,6,ACAAAAA
522,liga,6,ADAB
523,utrzymywać,6,BAAB
524,poinformować,6,BAAA
525,reakcja,6,ADACBAA
526,zdetonować,6,BAAA
527,al,6,-
528,odpowiedzialny,6,CAB
529,zarzut,6,ACAAAAA
530,zdrowy,6,AAEC
531,żądać,6,BDA
532,tys,6,-
533,norwegów,6,-
534,decyzja,6,ADACBAA
535,autor,6,AAACAAAB
536,własny,6,CAB
537,krwawy,6,CAB
538,pobliże,6,AEBAB
539,dramat,6,ACAAAAA
540,łączeń,6,AEBAA
541,rasizm,6,ACAAAAA
542,chemiczny,6,CAB
543,adres,6,ACAAAAA
544,krytyczny,6,CAB
545,dodatek,6,ACABA
546,zachodni,6,CBB
547,wola,6,ADACBAA
548,szwedzki,6,CBA
549,dokładnie,6,FB
550,zamordować,5,BAAA
551,wyrazić,5,BBCA
552,zewnętrzny,5,CAB
553,przechodzić,5,BBCA
554,skończyć,5,BCCA
555,przedłużenie,5,AEBAA
556,center,5,AAACAAAB
557,jensa,5,-
558,stoltenberga,5,-
559,eksplodować,5,BAAA
560,promień,5,ACACBAA
561,odłamek,5,ACABBA
562,długo,5,FA
563,wysepka,5,ADAB
564,spokojny,5,CAB
565,przerażony,5,BBCA
566,uciec,5,BAFAAB
567,trzy,5,DBAA
568,szukać,5,BDA
569,kłopot,5,ACAAAAA
570,przekonywać,5,BAAB
571,wytoczyć,5,BCCA
572,myśleć,5,BBBA
573,dobro,5,AEAAAA
574,złożyć,5,BCCA
575,dobre,5,AEBBB
576,andreas,5,-
577,uroczystość,5,ADCCA
578,nato,5,-
579,potrzeba,5,ADAAA
580,faszystowski,5,CBA
581,dostać,5,BAFABD
582,sześć,5,DBBA
583,trybunał,5,ACAAAAA
584,dotyczący,5,CAA
585,podobnie,5,FB
586,uzbroić,5,BBCA
587,pozwolenie,5,AEBAA
588,zdrowie,5,AEBAC
589,parlament,5,ACAAAAA
590,wystarczyć,5,BCCA
591,wyższy,5,CAB
592,wskazywać,5,BAAB
593,chory,5,AAEB
594,prokuratura,5,ADAAA
595,jaką,5,-
596,obywatelski,5,CBA
597,luty,5,ACAAAAA
598,niebezpieczny,5,CAB
599,polak,5,-
600,związany,5,BAAFA
601,wybuchnąć,5,BAEAA
602,lippestadt,5,-
603,środa,5,ADAAA
604,akcja,5,ADACBAA
605,czwartek,5,ACABA
606,posłużyć,5,BCCA
607,kobieta,5,ADAAA
608,chłopiec,5,AAACAB
609,tv,5,-
610,mieszkać,5,BDA
611,znać,5,BDA
612,walczyć,5,BCCA
613,trzymanie,5,AEBAA
614,jakość,5,ADCCA
615,znieść,5,BAFCAA
616,dokonany,5,BDA
617,zaatakować,5,BAAA
618,najgorszy,5,AEBAB
619,utożsamiać,5,BDA
620,zarzucany,5,BDA
621,inwazja,5,ADACBAA
622,artykuł,5,ACAAAAA
623,skazany,5,BAAFA
624,wcześniej,5,FC
625,wzór,5,ACAAAAA
626,rycerz,5,AAABD
627,ubrać,5,BAAFA
628,zapisać,5,BAAFA
629,islamizacja,5,ADACBAA
630,spodziewać się,5,-
631,internetowych,5,-
632,poprawność,5,ADCCA
633,przyjąć,5,BAFCB
634,poza,5,ADAAA
635,inspiracja,5,ADACBAA
636,czerpać,5,BAAFA
637,polsce,5,-
638,założyć,5,BCCA
639,glock,5,-
640,wstrząsnąć,5,BAEAA
641,przyznawać,5,BAAE
642,potwierdzić,5,BBCA
643,wartość,5,ADCCA
644,otwartość,5,ADCCA
645,tolerancja,5,ADACBAA
646,sędzia,5,AABAA
647,południe,5,AEBAC
648,pozbyć się,5,-
649,komisja,5,ADACBAA
650,zamknięty,5,BAEAA
651,zgoda,5,ADAAA
652,ktoś,5,EFC
653,wierzyć,5,BCCA
654,komórka,5,ADAB
655,wieczorem,5,FC
656,śledztwo,5,AEAAAB
657,demokratyczny,5,CAB
658,ewentualny,5,CAB
659,matka,5,ADAB
660,sytuacja,5,ADACBAA
661,moment,5,ACAAAAA
662,urzędnik,5,AAACBA
663,jednocześnie,5,FB
664,obywatel,5,AAABCA
665,prezydent,5,AAADAA
666,fakt,5,ACAAAAA
667,punkt,5,ACAAAAA
668,ue,5,-
669,homogeniczny,5,CAB
670,niemiecki,5,ACD
671,obcy,5,AAEB
672,mama,5,ADAAA
673,ośrodek,5,ACABBA
674,system,5,ACAAAAA
675,studiować,5,BAAA
676,konserwatywny,5,CAB
677,najważniejszy,5,CAB
678,rosji,5,-
679,analiza,5,ADAAA
680,film,5,ACAAAAA
681,karny,4,ABC
682,przedstawiać,4,BDA
683,model,4,AAABCA
684,konsola,4,ADACBAA
685,moi,4,AFFC
686,dorosły,4,AAEC
687,pieniądz,4,ACACBBB
688,osobisty,4,CAB
689,typ,4,AAACAAAB
690,ostrzegać,4,BDA
691,zapowiadać,4,BDA
692,przestać,4,BAFABD
693,zdołać,4,BDA
694,dobijać,4,BDA
695,panować,4,BAAA
696,silny,4,CAB
697,okno,4,AEAAAB
698,uwięziony,4,CAB
699,usiłować,4,BAAA
700,sieć,4,ADCCA
701,teren,4,ACAAAAA
702,km,4,-
703,tysiąc,4,ABAAC
704,harlem,4,-
705,brundtland,4,-
706,zaniepokojony,4,BBCA
707,pokazać,4,BAAFA
708,przyjechać,4,BAAFA
709,poprosić,4,BBCA
710,automatyczny,4,CAB
711,amunicja,4,ADACBAA
712,zmieniać,4,BDA
713,poczucie,4,AEBAA
714,uciekać,4,BDA
715,chować,4,BDA
716,zdążyć,4,BCCA
717,udawać,4,BAAE
718,martwy,4,AAEC
719,przeżycie,4,AEBAA
720,ciało,4,AEAAAB
721,ukrywać,4,BDA
722,bać się,4,-
723,siostra,4,ADAAA
724,apel,4,ACACAA
725,kontaktować,4,BAAA
726,natychmiast,4,FC
727,dużo,4,DF
728,podawać,4,BAAE
729,samobójczy,4,CAA
730,radzić,4,BBCA
731,sala,4,ADACBABA
732,dyspozycja,4,ADACBAA
733,zapowiedzieć,4,BDC
734,przedłużony,4,CAB
735,reprezentować,4,BAAA
736,dobry,4,CAA
737,pokazywać,4,BAAB
738,dzisiaj,4,ACF
739,krótki,4,CBA
740,zorganizować,4,BAAA
741,dzisiejszy,4,CAB
742,szef,4,AAAAAA
743,dekada,4,ADAAA
744,maszynowy,4,CAB
745,projekt,4,ACAAAAA
746,forma,4,ADAAA
747,stawiać,4,BDA
748,szwecji,4,-
749,używać,4,BDA
750,granica,4,ADACABB
751,wczoraj,4,ACF
752,sądzić,4,BBCA
753,prawda,4,ADAAA
754,dotyczyć,4,BCCA
755,izolować,4,BAAA
756,długoletni,4,CBB
757,wymieniony,4,BBCA
758,szczególnie,4,FB
759,załamanie,4,AEBAA
760,wygląd,4,ACAAAAA
761,pogodzić,4,BBCA
762,pytanie,4,AEBAA
763,dzwonić,4,BBCA
764,kamień,4,ACACBAA
765,zrezygnować,4,BAAA
766,powoływać,4,BAAB
767,konferencja,4,ADACBAA
768,prasowy,4,CAB
769,działalność,4,ADCCA
770,współpracować,4,BAAA
771,zachowanie,4,AEBAA
772,lubić,4,BBCA
773,czerwony,4,CAB
774,przybyć,4,AEBAA
775,iraku,4,-
776,kancelaria,4,ADACBAA
777,skien,4,-
778,odbywanie,4,AEBAA
779,breivikowi,4,-
780,sprzeczny,4,CAB
781,karanie,4,AEBAA
782,poszanowanie,4,AEBAA
783,prywatny,4,CAB
784,dopuszczać,4,BDA
785,obie,4,DABCA
786,oglądać,4,BDA
787,jedzenie,4,AEBAA
788,potrwać,4,BDA
789,zamordowanie,4,AEBAA
790,przedłużanie,4,AEBAA
791,szok,4,ACABA
792,milczenie,4,AEBAA
793,określić,4,BBCA
794,orzec,4,BAFAABA
795,konflikt,4,ACAAAAA
796,potrzebny,4,CAB
797,churchilla,4,-
798,miłośnik,4,AAACBA
799,zdrajca,4,AABCBB
800,kulturowy,4,CAB
801,ziemia,4,ADACBABA
802,misja,4,ADACBAA
803,imigracja,4,ADACBAA
804,podstawowy,4,CAB
805,zimny,4,CAB
806,kluczowy,4,CAB
807,liczący,4,CAA
808,wersja,4,ADACBAA
809,marksizm,4,ACAAAAA
810,elita,4,ADAAA
811,chęć,4,ADCCA
812,unia,4,ADACBAA
813,naród,4,ACAAAAA
814,zjednoczony,4,CAB
815,mln,4,-
816,młodość,4,ADCCA
817,krytykować,4,BAAA
818,siła,4,ADAAA
819,podjąć,4,BAFCB
820,of,4,-
821,wildersa,4,-
822,ton,4,ACAAAAA
823,bliski,4,CBA
824,milion,4,ACAABAA
825,zobaczyć,4,BCCA
826,brytanii,4,-
827,wysadzić,4,BBCA
828,federalny,4,CAB
829,oklahoma,4,-
830,city,4,-
831,wrzesień,4,ACACBAA
832,atakować,4,BAAA
833,zapewniać,4,BDA
834,przesłuchanie,4,AEBAA
835,niewinny,4,CAB
836,zgodzić,4,BBCA
837,kultura,4,ADAAA
838,psychologiczny,4,CAB
839,spotkanie,4,AEBAA
840,wygrać,4,BDA
841,pięcie się,4,-
842,humanitarny,4,CAB
843,londynie,4,-
844,wynikający,4,BDA
845,niedaleko,4,FC
846,organizator,4,AAACAAAB
847,korzystać,4,BDA
848,wyraz,4,ACAAAAA
849,papa,4,AABABA
850,nazwa,4,ADAAA
851,łukasz,4,-
852,ilość,4,ADCCA
853,ujawnić,4,BBCB
854,znaczenie,4,AEBAA
855,nasz,4,EAABA
856,rzeczywistość,4,ADCCA
857,cytować,4,BAAA
858,podstawa,4,ADAAA
859,znajda,4,AABCBAA
860,miesiąc,4,ACACBBA
861,fundamentalizm,4,-
862,lęk,4,ACABA
863,najpewniej,4,FC
864,znaczyć,4,BCCA
865,mniejszość,4,ADCCA
866,decydowany,4,BAAA
867,opinia,4,ADACBAA
868,uniknąć,4,BAEAA
869,taką,4,-
870,pozostać,4,BAFABD
871,swoisty,4,CAB
872,dostępny,4,CAB
873,przedstawiciel,4,AAABCA
874,spełniać,4,BDA
875,zabrać,4,BAAFA
876,zgadzać się,4,-
877,międzynarodowy,4,CAB
878,mord,4,ACAAAAA
879,facebooku,4,-
880,putin,4,-
881,dworzec,4,ACACBC
882,debata,4,ADAAA
883,behringa,4,-
884,liczba,4,ADAAA
885,aresztować,4,BAAA
886,zagrozić,4,BBCA
887,deportacja,4,ADACBAA
888,ws,4,-
889,postawa,4,ADAAA
890,zły,4,ABC
891,oskarżać,4,BDA
892,viljar,4,-
893,geller,4,-
894,fahre,4,-
895,torturować,3,BAAA
896,wymiana,3,ADAAA
897,nowszy,3,-
898,współwięzień,3,AAAAB
899,grać,3,BDA
900,sprawdzany,3,BDA
901,oczekiwać,3,BAAC
902,znaczek,3,ACABBA
903,codzienny,3,CAB
904,komputer,3,ACAABAA
905,egzekucja,3,ADACBAA
906,biuro,3,AEAAAB
907,szpital,3,ACACBAA
908,żołnierz,3,AAABD
909,szybka,3,ADAB
910,leżący,3,CAA
911,północny,3,CAB
912,pole,3,AEBAA
913,mortensen,3,-
914,ważny,3,CAB
915,sięgnąć,3,BAEAA
916,rodzaj,3,ACACACB
917,przerażająco,3,FC
918,metodyczny,3,CAB
919,pewność,3,ADCCA
920,horror,3,ACAAAAA
921,magnus,3,-
922,jezioro,3,AEAAAB
923,metr,3,AAAAAA
924,łóżko,3,AEAAAA
925,wejść,3,AEBAA
926,kochać,3,BDA
927,ty,3,EIA
928,wiedza,3,ADACABB
929,dźwięk,3,ACABA
930,sens,3,ACAAAAA
931,zadzwonić,3,BBCA
932,jednostka,3,ADAB
933,helikopter,3,ACAABAA
934,łamać,3,BAAFA
935,zakończyć,3,BCCA
936,fanatyk,3,AAACBA
937,zeznać,3,BDA
938,codziennie,3,FC
939,uciążliwy,3,CAB
940,pozywać,3,BDA
941,zwrócić,3,BBCA
942,prośba,3,ADAAA
943,naruszenie,3,AEBAA
944,złagodzenie,3,AEBAA
945,samopoczucie,3,AEBAA
946,wykonać,3,BDA
947,breivikiem,3,-
948,oświadczenie,3,AEBAA
949,hołd,3,ACAAAAA
950,erna,3,-
951,solberg,3,-
952,cześć,3,ADCCA
953,upamiętniający,3,BDA
954,umocnić,3,BBCB
955,biały,3,CAB
956,rasa,3,ADAAA
957,gest,3,ACAAAAA
958,oddalić,3,BBCA
959,posiadanie,3,AEBAA
960,zdobycie,3,AEBAA
961,przygotowywać,3,BAAB
962,domowy,3,CAB
963,umożliwić,3,BBCA
964,szaleniec,3,AAACBA
965,zawieść,3,BAFCAA
966,cudzoziemiec,3,AAACAAAA
967,półautomatyczny,3,CAB
968,toczyć,3,BCCA
969,uczestniczyć,3,BCCA
970,reszta,3,ADAAA
971,stosowanie,3,AEBAA
972,kolej,3,ADCAAA
973,ila,3,-
974,cud,3,ACAAAAA
975,ramia,3,ADACBAA
976,por,3,ABABAAA
977,doprowadzić,3,BBCA
978,następnie,3,FC
979,ponieść,3,BAFCAA
980,przeciwny,3,CAB
981,pomóc,3,BAFCAB
982,zależeć,3,BCBA
983,ogół,3,ACAAAAA
984,pójść,3,BAFCAA
985,niedawno,3,FC
986,przebieg,3,ACABA
987,południowy,3,CAB
988,dalej,3,FC
989,informować,3,BAAA
990,natychmiastowy,3,CAB
991,odciąć,3,BAFCB
992,masoński,3,CBA
993,ciąg,3,ACABA
994,najmłodszy,3,CAB
995,pełny,3,CAB
996,plan,3,ACAAAAA
997,program,3,ACAAAAA
998,królewski,3,CBA
999,funkcjonariusz,3,AAABD
1000,częściowo,3,FC
1001,zarzucić,3,BBCA
1002,art,3,-
1003,korespondowanie,3,AEBAA
1004,porządek,3,ACABA
1005,odwołać,3,BDA
1006,humanitarnie,3,FB
1007,plastikowy,3,CAB
1008,styczeń,3,ACACBAA
1009,zaplanować,3,BAAA
1010,rozpoczęcie,3,AEBAA
1011,współrządzący,3,CAA
1012,wywołać,3,BDA
1013,nazwać,3,BAAFB
1014,v,3,-
1015,wzywać,3,BDA
1016,rygorystyczny,3,CAB
1017,skrucha,3,ADAAA
1018,powrót,3,ACAAAAA
1019,wykluczać,3,BDA
1020,cierpieć,3,BBBA
1021,dalszy,3,CAB
1022,zarejestrowany,3,BAAA
1023,wybrać,3,BAAFA
1024,rozprawić się,3,-
1025,całkowicie,3,FC
1026,szczegół,3,ACAAAAA
1027,symbol,3,ACACAA
1028,zakon,3,ACAAAAA
1029,swe,3,EDAAB
1030,powietrze,3,AEBAB
1031,rana,3,ADAAA
1032,widać,3,BFB
1033,dzieciństwo,3,AEAAAB
1034,breiviku,3,-
1035,portal,3,ACACAA
1036,for,3,ACAABAA
1037,karykatura,3,ADAAA
1038,hasło,3,AEAAAB
1039,oskarżyć,3,BCCA
1040,odpowiedź,3,ADCCA
1041,konserwatysta,3,AABDAA
1042,wojskowy,3,AAEC
1043,nurt,3,ACAAAAA
1044,członkostwo,3,AEAAAB
1045,politycznie,3,FB
1046,poprawny,3,CAB
1047,ryzyko,3,AEAAAA
1048,holenderski,3,CBA
1049,jakikolwiek,3,EAL
1050,produkcja,3,ADACBAA
1051,wschód,3,ACAAAAA
1052,kulturystyka,3,ADAB
1053,narkotyk,3,ACABA
1054,mający,3,BBCA
1055,francji,3,-
1056,interesować,3,BAAA
1057,najprawdopodobniej,3,FC
1058,zaprzeczyć,3,BCCA
1059,potworny,3,CAB
1060,lewica,3,ADACABB
1061,sięgać,3,BDA
1062,mini,3,AEE
1063,wrogi,3,CBA
1064,ranić,3,BBCA
1065,spekulować,3,BAAA
1066,kaidy,3,-
1067,przebrać,3,BAAFA
1068,oddalony,3,BBCA
1069,minuta,3,ADAAA
1070,pomocnik,3,AAACBA
1071,katedra,3,ADAAA
1072,obawiać się,3,-
1073,stanąć,3,BAEAB
1074,przygotować,3,BAAA
1075,zaplanowany,3,BAAA
1076,trzymać,3,BDA
1077,stawiany,3,BDA
1078,opór,3,ACAAAAA
1079,psychiatryczny,3,CAB
1080,postanowić,3,BBCA
1081,prowadzenie,3,AEBAA
1082,ocenić,3,BBCA
1083,wytłumaczyć,3,BCCA
1084,przedłużany,3,BDA
1085,współczucie,3,AEBAA
1086,dumny,3,CAB
1087,niepoczytalność,3,ADCCA
1088,mój,3,EAABA
1089,tłum,3,ACAAAAA
1090,dziać,3,BAFBD
1091,prokurator,3,AAACAAAB
1092,pamięć,3,ADCCA
1093,fundamentalny,3,CAB
1094,zdecydować,3,BAAA
1095,odwoływać,3,BAAB
1096,cztery,3,DBAA
1097,przykład,3,ACAAAAA
1098,hip,3,-
1099,czytać,3,BDA
1100,pseudonim,3,ACAAAAA
1101,rozesłać,3,BAAFA
1102,paryżu,3,-
1103,wrócić,3,BBCA
1104,b,3,-
1105,mieszek,3,ACABBA
1106,odpowiadać,3,BDA
1107,uczyć,3,BCCA
1108,biznes,3,ACAAAAA
1109,bogaty,3,AAEC
1110,pogodzenie,3,AEBAA
1111,proca,3,ADACABB
1112,uszkodzić,3,BBCA
1113,dokonanie,3,AEBAA
1114,dążyć,3,BCCA
1115,wybór,3,ACAAAAA
1116,przesłać,3,BAAFA
1117,wzrosnąć,3,BAEB
1118,wezwanie,3,AEBAA
1119,pozwalać,3,BDA
1120,wewnętrzny,3,CAB
1121,przedmiot,3,ACAAAAA
1122,łukasza,3,-
1123,poznać,3,BDA
1124,forum,3,AEE
1125,oferta,3,ADAAA
1126,zaraz,3,FC
1127,paweł,3,-
1128,okazja,3,ADACBAA
1129,legalny,3,CAB
1130,czeski,3,CBA
1131,ślad,3,ACAAAAA
1132,pradze,3,-
1133,kontynent,3,ACAAAAA
1134,dom,3,ACAAAB
1135,wspólnik,3,AAACBA
1136,rozmawiać,3,BDA
1137,pan,3,AAAAAB
1138,michael,3,-
1139,wolffsohn,3,-
1140,podejmować,3,BAAA
1141,ograniczać,3,BDA
1142,europejczycy,3,-
1143,skala,3,ADACBABA
1144,doświadczyć,3,BCCA
1145,bohater,3,AAAAAA
1146,twierdza,3,ADACABB
1147,prosta,3,ADACCBA
1148,szaleństwo,3,AEAAAB
1149,armia,3,ADACBAA
1150,skóra,3,ADAAA
1151,wolny,3,AAEC
1152,europejczyków,3,-
1153,obyczaj,3,ACACACB
1154,dochodzić,3,BBCA
1155,ogłosić,3,BBCA
1156,niemczech,3,-
1157,lepiej,3,FC
1158,zasada,3,ADAAA
1159,pewnie,3,FB
1160,bezpośredni,3,CBB
1161,akceptować,3,BAAA
1162,religijny,3,CAB
1163,obowiązywać,3,BAAB
1164,odpowiedzieć,3,BDC
1165,norwegowie,3,-
1166,powszechny,3,CAB
1167,nienawidzący,3,CAA
1168,lewak,3,AAACBA
1169,motywować,3,BAAA
1170,specjalista,3,AABDAA
1171,przyczyna,3,ADAAA
1172,mułła,3,AABABA
1173,działający,3,BDA
1174,izrael,3,-
1175,spotykać,3,BDA
1176,wspólnota,3,ADAAA
1177,publicysta,3,AABDAA
1178,podejrzana,3,ADACCBA
1179,daniel,3,ABAABA
1180,wielokulturowością,3,-
1181,wymóg,3,ACABA
1182,cela,3,ADACBABA
1183,wyjaśnić,3,BBCB
1184,moc,3,ADCAB
1185,odosobnienie,3,AEBAA
1186,przeprowadzony,3,BBCA
1187,sum,3,ABABAAA
1188,szefowa,3,ADACCAA
1189,wskazać,3,BAAFA
1190,odbyć,3,AEBAA
1191,koncert,3,ACAAAAA
1192,uznanie,3,AEBAA
1193,oystein,3,-
1194,teza,3,ADAAA
1195,stać,3,BAFABD
1196,kommiersant,3,-
1197,wcześniejszy,3,CAB
1198,założenie,3,AEBAA
1199,stronicowym,3,-
1200,żądanie,3,AEBAA
1201,japoński,3,CBA
1202,krucjata,3,ADAAA
1203,dowód,3,ACAAAAA
1204,współpraca,3,ADACABB
1205,kristiansen,3,-
1206,wątek,3,ACABA
1207,powiązanie,3,AEBAA
1208,chora,3,ADACCBA
1209,relacjonować,3,BAAA
1210,inspirować,3,BAAA
1211,cofnąć,3,BAEAA
1212,zbudować,3,BAAA
1213,politolog,3,AAACBA
1214,noc,3,ADCAB
1215,twitterze,3,-
1216,interes,3,ACAAAAA
1217,mahometa,3,-
1218,działacz,3,AAABD
1219,nacjonalista,3,AABDAA
1220,najsurowszy,3,CAB
1221,osobowość,3,ADCCA
1222,głosić,3,BBCA
1223,przygotowany,3,BAAA
1224,mcveigh,3,-
1225,fundamentalistą,3,-
1226,złamanie,3,AEBAA
1227,boniecki,3,-
1228,mestad,3,-
1229,wysłany,3,BAAFA
1230,rower,3,ACAAAAA
1231,hanssen,3,-
1232,opowiadający,3,BDA
1233,opowiedzieć,3,BDC
1234,wsparcie,3,AEBAA
1235,blogerów,3,-
1236,sugerować,3,BAAA
1237,często,3,FA
1238,konsekwencja,3,ADACBAA
1239,odczucie,2,AEBAA
1240,czterostronicowym,2,-
1241,liczny,2,CAB
1242,przestarzały,2,CAB
1243,uskarżać się,2,-
1244,spowalniać,2,BDA
1245,kwota,2,ADAAA
1246,przeznaczać,2,BDA
1247,pocztowy,2,CAB
1248,piec,2,ACACBC
1249,dłużej,2,FC
1250,wytrzymać,2,BDA
1251,umrzeć,2,BABA
1252,konkretnie,2,FB
1253,zwierzę,2,AECA
1254,zagrażać,2,BDA
1255,dokonywać,2,BAAB
1256,przybycie,2,AEBAA
1257,koszmar,2,ACAAAAA
1258,mniejszy,2,CAB
1259,pracownica,2,ADACABB
1260,nagle,2,FC
1261,kilometr,2,ACAABAA
1262,gruz,2,ACAAAAA
1263,uszkodzony,2,BBCA
1264,przyjeżdżać,2,BDA
1265,karetka,2,ADAB
1266,zniszczony,2,CAB
1267,prosić,2,BBCA
1268,ułatwić,2,BBCA
1269,zamknąć,2,BAEAA
1270,poła,2,ADAAA
1271,namiotowy,2,CAB
1272,wakacyjny,2,CAB
1273,zorganizowany,2,BAAA
1274,młodzieżówkę,2,-
1275,czekać,2,BDA
1276,srebrny,2,CAB
1277,strażnik,2,AAACBA
1278,simen,2,-
1279,braenden,2,-
1280,legitymacja,2,ADACBAA
1281,skontrolować,2,BAAA
1282,powtarzać,2,BDA
1283,stine,2,-
1284,renate,2,-
1285,haheim,2,-
1286,zgromadzić,2,BBCA
1287,przekazanie,2,AEBAA
1288,podejść,2,AEBAA
1289,bliżej,2,FC
1290,torba,2,ADAAA
1291,wyjąć,2,BAFCB
1292,kończyć,2,BCCA
1293,stos,2,ACAAAAA
1294,absolutny,2,CAB
1295,stenseth,2,-
1296,odpłynąć,2,BAEAB
1297,najdalej,2,FC
1298,przybrzeżny,2,CAB
1299,celować,2,BAAA
1300,elise,2,-
1301,leżeć,2,BCBA
1302,rozbić,2,AEBAA
1303,emilie,2,-
1304,bersaas,2,-
1305,panika,2,ADAB
1306,skontaktować,2,BAAA
1307,niclas,2,-
1308,tokerud,2,-
1309,zdradzić,2,BBCA
1310,żywy,2,AAEC
1311,brzeg,2,ACABA
1312,łamanie,2,AEBAA
1313,wielokrotny,2,CAB
1314,przykro,2,FC
1315,reuters,2,-
1316,łza,2,ADAAA
1317,samobójstwo,2,AEAAAB
1318,telewizyjny,2,CAB
1319,zakończenie,2,AEBAA
1320,nieproporcjonalnie,2,FB
1321,okręgowy,2,CAB
1322,oeystein,2,-
1323,niezbędny,2,CAB
1324,chwila,2,ADACBABA
1325,popełnienie,2,AEBAA
1326,hjetland,2,-
1327,upamiętnić,2,BBCB
1328,oddawać,2,BAAE
1329,neofaszystowski,2,CBA
1330,pobliski,2,CBA
1331,mette,2,-
1332,marit,2,-
1333,haakon,2,-
1334,ceremonia,2,ADACBAA
1335,pojechać,2,BAAFA
1336,sądowych,2,-
1337,wznosić,2,BBCA
1338,naruszanie,2,AEBAA
1339,trudniej,2,FC
1340,szwecja,2,-
1341,żałoba,2,ADAAA
1342,efekt,2,ACAAAAA
1343,zaostrzenie,2,AEBAA
1344,grudzień,2,ACACBAA
1345,rz,2,-
1346,lorange,2,-
1347,ministerstwo,2,AEAAAB
1348,odebrać,2,BAAFA
1349,powołany,2,BDA
1350,knut,2,ACAABAA
1351,ubiegający,2,BDA
1352,legalnie,2,FB
1353,pewny,2,CAB
1354,niewystarczający,2,CAA
1355,poseł,2,AAAAAA
1356,finlandii,2,-
1357,wprowadzić,2,BBCA
1358,zezwolenie,2,AEBAA
1359,skandynawskich,2,-
1360,rolnik,2,AAACBA
1361,zdobyć,2,AEBAA
1362,niepoczytalny,2,CAB
1363,rozum,2,ACAAAAA
1364,rozważać,2,BDA
1365,oskarżony,2,AAEC
1366,ludzkość,2,ADCCA
1367,skierowany,2,BAAA
1368,cywilny,2,CAB
1369,ogromny,2,CAB
1370,cierpienie,2,AEBAA
1371,odebranie,2,AEBAA
1372,ponownie,2,FB
1373,wystąpienie,2,AEBAA
1374,prawny,2,CAB
1375,zarzucać,2,BDA
1376,wymierzyć,2,BCCA
1377,dodatkowy,2,CAB
1378,bezprawny,2,CAB
1379,represją,2,-
1380,boży,2,CAA
1381,narodzenie,2,AEBAA
1382,wystąpić,2,BBCA
1383,przesyłać,2,BDA
1384,przeznaczony,2,CAB
1385,stara,2,ADACCBA
1386,normalny,2,CAB
1387,kula,2,ADACBABA
1388,praconia,2,-
1389,oszczędzić,2,BBCA
1390,wystarczający,2,BDA
1391,wytłumaczenie,2,AEBAA
1392,żyć,2,AEBAA
1393,lotnisko,2,AEAAAA
1394,przeszukiwać,2,BAAC
1395,wychodzić,2,BBCA
1396,zjazd,2,ACAAAAA
1397,strój,2,BBCA
1398,obecność,2,ADCCA
1399,publikacja,2,ADACBAA
1400,tytuł,2,ACAAAAA
1401,jedyny,2,CAB
1402,poradzić,2,BBCA
1403,ukończyć,2,BCCA
1404,najstarszy,2,CAB
1405,brzmieć,2,BBBB
1406,anonimowy,2,CAB
1407,wyrzucić,2,BBCA
1408,wyjawić,2,BBCA
1409,zażyć,2,AEBAA
1410,medyczny,2,CAB
1411,koncentracja,2,ADACBAA
1412,dowódca,2,AABCBB
1413,antyterroryści,2,-
1414,krzyczeć,2,BCBA
1415,uzbrojony,2,BBCA
1416,porzucić,2,BBCA
1417,czerwiec,2,ABAAAB
1418,internetowej,2,-
1419,ostrzeżenie,2,AEBAA
1420,hanna,2,-
1421,orvik,2,-
1422,endresen,2,-
1423,lista,2,ADAAA
1424,polowanie,2,AEBAA
1425,rodzic,2,AAABAB
1426,niezależny,2,CAB
1427,chłopak,2,AAACBA
1428,aktywnie,2,FB
1429,krzyż,2,ACACBBA
1430,wyliczać,2,BDA
1431,norwegom,2,-
1432,artysta,2,AABDAA
1433,mo,2,-
1434,niższy,2,CAB
1435,racja,2,ADACBAA
1436,otwarcie,2,AEBAA
1437,deklarować,2,BAAA
1438,sympatyk,2,AAACBA
1439,zgodny,2,CAB
1440,tajemnica,2,ADACABB
1441,zapobieganie,2,AEBAA
1442,argumentować,2,BAAA
1443,odseparowanie,2,AEBAA
1444,podyktowany,2,BAAA
1445,wideo,2,-
1446,zapewniony,2,BBCB
1447,fizyczny,2,AAEC
1448,posługiwać,2,BAAC
1449,oczekiwany,2,BAAC
1450,ogłoszenie,2,AEBAA
1451,pozdrowienie,2,AEBAA
1452,głęboki,2,CBA
1453,harald,2,-
1454,krótko,2,FA
1455,ubiegły,2,BAFAAB
1456,fjotolf,2,-
1457,hansen,2,-
1458,marzec,2,ACACBC
1459,przetrzymywać,2,BAAB
1460,właściwy,2,CAB
1461,odizolowanie,2,AEBAA
1462,komunikacja,2,ADACBAA
1463,niski,2,CBA
1464,kieszonkowe,2,AEBBB
1465,pismo,2,AEAAAB
1466,wyznać,2,BDA
1467,pozwolić,2,BBCA
1468,biec,2,BAFAAB
1469,wydać,2,BDC
1470,wyznanie,2,AEBAA
1471,paranoidalny,2,CAB
1472,uchronić,2,BBCA
1473,palnąć,2,BAEAA
1474,rzeź,2,ADCAAA
1475,operacja,2,ADACBAA
1476,wznieść,2,BAFCAA
1477,toast,2,ACAAAAA
1478,francuski,2,ACD
1479,przyjść,2,AEBAA
1480,marksista,2,AABDAA
1481,opętać,2,BDA
1482,dbać,2,BDA
1483,spadkobierca,2,AABCBB
1484,chrześcijanin,2,AAABBA
1485,męczennik,2,AAACBA
1486,przypominać,2,BDA
1487,dżihadu,2,-
1488,przedsiębiorca,2,AABCBB
1489,uczęszczać,2,BDA
1490,krew,2,ADCAAA
1491,pochodzić,2,BBCA
1492,znajoma,2,ADACCBA
1493,zrozumienie,2,AEBAA
1494,motyw,2,ACAAAAA
1495,piroman,2,AAADAA
1496,andrew,2,-
1497,berwick,2,-
1498,niedługo,2,FC
1499,określać,2,BDA
1500,bbc,2,-
1501,wspierać,2,BDA
1502,nawoływać,2,BAAB
1503,proponować,2,BAAA
1504,śmiertelny,2,CAB
1505,prawicowiec,2,AAACBA
1506,brytyjskiego,2,-
1507,winstona,2,-
1508,sympatyzować,2,BAAA
1509,przypominający,2,BDA
1510,fascynacja,2,ADACBAA
1511,chrzest,2,ACAAAAA
1512,protestancki,2,CBA
1513,poparcie,2,AEBAA
1514,lider,2,AAACAAAB
1515,twarz,2,ADCAB
1516,english,2,-
1517,defence,2,-
1518,league,2,-
1519,stop,2,ACAAAAA
1520,europe,2,-
1521,geerta,2,-
1522,nowoczesny,2,CAB
1523,warzywo,2,AEAAAB
1524,owoc,2,ACACACB
1525,maj,2,BBCA
1526,farma,2,ADAAA
1527,zdetonowany,2,BAAA
1528,znajomy,2,AAEC
1529,przejście,2,AEBAA
1530,uprawiać,2,BDA
1531,muzyka,2,AAACBA
1532,kilkanaście,2,DBCA
1533,world,2,-
1534,mieszkający,2,BDA
1535,timothy,2,-
1536,wojsko,2,AEAAAA
1537,getto,2,AEAAAB
1538,społeczność,2,ADCCA
1539,usunąć,2,BAEAB
1540,miękki,2,CBA
1541,analogia,2,ADACBAA
1542,wpław,2,FC
1543,niedziela,2,ADACBABA
1544,techniczny,2,CAB
1545,opozycja,2,ADACBAA
1546,nabożeństwo,2,AEAAAB
1547,żałobny,2,CAB
1548,wątpliwość,2,ADCCA
1549,kwietniowy,2,CAB
1550,zażądać,2,BDA
1551,uwolnienie,2,AEBAA
1552,setka,2,ADAB
1553,notatka,2,ADAB
1554,zaparkować,2,BAAA
1555,prewencyjny,2,CAB
1556,dodawać,2,BAAE
1557,winien,2,BFCA
1558,patriota,2,AABDAA
1559,zgnić,2,AEBAA
1560,ustalenie,2,AEBAA
1561,schizofrenia,2,ADACBAA
1562,prawdopodobnie,2,FB
1563,morderstwo,2,AEAAAB
1564,osadzony,2,BBCA
1565,zeszły,2,BAFCAA
1566,planować,2,BAAA
1567,andersie,2,-
1568,wykazywać,2,BAAB
1569,wojownik,2,AAACBA
1570,linia,2,ADACBAA
1571,pobudzać,2,BDA
1572,poziom,2,ACAAAAA
1573,osiągnąć,2,BAEAA
1574,nienawidzić,2,BBCA
1575,ciekawy,2,CAB
1576,postać,2,ADCAAA
1577,afryki,2,-
1578,blisko,2,FA
1579,zakaz,2,ACAAAAA
1580,szczególny,2,CAB
1581,kondycja,2,ADACBAA
1582,zaskoczony,2,CAB
1583,marius,2,-
1584,emberland,2,-
1585,zabronić,2,BBCA
1586,utrudniać,2,BDA
1587,złe,2,AEBBB
1588,pokrycie,2,AEBAA
1589,koszt,2,ACAAAAA
1590,korona,2,ADAAA
1591,wspominać,2,BDA
1592,dyplomata,2,AABDAA
1593,pielęgniarka,2,ADAB
1594,słuchać,2,BDA
1595,hopu,2,-
1596,przerazić,2,BBCA
1597,dowiedzieć się,2,-
1598,spędzić,2,BBCA
1599,przyrodni,2,CBB
1600,dyplomatka,2,ADAB
1601,opieka,2,ADAB
1602,odwiedzać,2,BDA
1603,trauma,2,ADAAA
1604,ogólnie,2,FB
1605,stworzyć,2,BCCA
1606,patologia,2,ADACBAA
1607,żal,2,ACACACB
1608,kategoria,2,ADACBAA
1609,trzeci,2,CBB
1610,widzenie,2,AEBAA
1611,lewicowiec,2,AAACBA
1612,podejście,2,AEBAA
1613,seksualny,2,CAB
1614,najlepszy,2,CAB
1615,uczeń,2,AEBAA
1616,dzieło,2,AEAAAB
1617,kolega,2,AABCA
1618,styl,2,ACACACB
1619,zbrodniczy,2,CAA
1620,mniej,2,FC
1621,miewać,2,BDA
1622,moje,2,EDAB
1623,poprawić,2,BBCA
1624,interwencja,2,ADACBAA
1625,saletrowy,2,CAB
1626,zaparkowany,2,BAAA
1627,urzędować,2,BAAA
1628,przedsięwzięcie,2,AEBAA
1629,międzyczas,2,ACAAAAA
1630,przerwać,2,BAAFB
1631,elektroniczny,2,CAB
1632,kierować,2,BAAA
1633,pobudka,2,ADAB
1634,propagować,2,BAAA
1635,ksenofobia,2,ADACBAA
1636,ruger,2,-
1637,strzelić,2,BBCA
1638,ranny,2,AAEC
1639,nerwowy,2,CAB
1640,przesunąć,2,BAEAB
1641,samorządowy,2,CAB
1642,wezwać,2,BAAFB
1643,okazanie,2,AEBAA
1644,solidarność,2,ADCCA
1645,tysięczny,2,CAB
1646,zareagować,2,BAAA
1647,stanowczo,2,FC
1648,potępić,2,BBCA
1649,ubolewanie,2,AEBAA
1650,bronisław,2,-
1651,komorowski,2,-
1652,zakakującym,2,-
1653,zainteresowanie,2,AEBAA
1654,odnośnie,2,-
1655,odnotować,2,BAAA
1656,napływ,2,ACAAAAA
1657,położyć,2,BCCA
1658,przeprowadzenie,2,AEBAA
1659,wydłużany,2,BDA
1660,stanowić,2,BBCA
1661,zapomnieć,2,BBBB
1662,właściciel,2,AAABCA
1663,sprzedawać,2,BAAE
1664,chemik,2,AAACBA
1665,amator,2,AAACAAAB
1666,wszcząć,2,BAFCBDD
1667,kodeks,2,ACAAAAA
1668,mówiący,2,CAA
1669,handel,2,ACACACB
1670,niebezpieczeństwo,2,AEAAAB
1671,rozmiar,2,ACAAAAA
1672,użytkownik,2,AAACBA
1673,bang,2,-
1674,występować,2,BAAA
1675,sprzedający,2,BDC
1676,dziesiątek,2,ACABBA
1677,produkt,2,ACAAAAA
1678,świadczyć,2,BCCA
1679,szeroki,2,CBA
1680,rad,2,ACAAAAA
1681,przestrzegać,2,BDA
1682,numer,2,ACAAAAA
1683,kontrolować,2,BAAA
1684,oficjalnie,2,FB
1685,polaka,2,-
1686,konstrukcja,2,ADACBAA
1687,norwegowi,2,-
1688,kilkaset,2,DBJ
1689,namiar,2,ACAAAAA
1690,wiceszef,2,-
1691,charakter,2,ACAAAAA
1692,dana,2,ADACCBA
1693,podkreślać,2,BDA
1694,zszokować,2,BAAA
1695,udostępnić,2,BBCB
1696,niemal,2,FC
1697,oba,2,DABB
1698,przedsiębiorstwo,2,AEAAAB
1699,zwykły,2,CAB
1700,ak,2,-
1701,nielegalny,2,CAB
1702,pragi,2,-
1703,mafia,2,ADACBAA
1704,wyjechać,2,BAAFA
1705,norwegami,2,-
1706,klausa,2,-
1707,porównanie,2,AEBAA
1708,zsrr,2,-
1709,chwalić,2,BBCA
1710,dekret,2,ACAAAAA
1711,benesza,2,-
1712,niemcy,2,-
1713,fala,2,ADACBABA
1714,minąć,2,BAEAB
1715,zdarzyć,2,BCCA
1716,prof,2,-
1717,zjawisko,2,AEAAAA
1718,wnioskować,2,BAAA
1719,inaczej,2,FC
1720,zderzenie,2,AEBAA
1721,nieszczęście,2,AEBAA
1722,zamieniać,2,BDA
1723,heterogeniczny,2,CAB
1724,tradycja,2,ADACBAA
1725,narodowość,2,ADCCA
1726,religia,2,ADACBAA
1727,przeciwdziałanie,2,AEBAA
1728,emigrant,2,AAADAA
1729,istotny,2,CAB
1730,natura,2,ADAAA
1731,przejawiać,2,BDA
1732,daleko,2,FA
1733,teda,2,-
1734,faszyzujący,2,BAAA
1735,wymyślić,2,BBCA
1736,paneuropejski,2,CBA
1737,wariat,2,AAADAA
1738,baader,2,-
1739,meinhof,2,-
1740,frakcja,2,ADACBAA
1741,wyzwanie,2,AEBAA
1742,wymysł,2,ACAAAAA
1743,kapitalizm,2,ACAAAAA
1744,rewolucja,2,ADACBAA
1745,przemysłowy,2,CAB
1746,północ,2,ADCAB
1747,kiepsko,2,FC
1748,wojować,2,BAAA
1749,znaczny,2,CAB
1750,Anglik,2,AAACBA
1751,Holender,2,AAACAAAB
1752,doraźny,2,CAB
1753,multikulturalizmu,2,-
1754,wraz,2,FC
1755,teoria,2,ADACBAA
1756,łatwo,2,FA
1757,frustracja,2,ADACBAA
1758,uniwersalny,2,CAB
1759,niewiele,2,DEBA
1760,ogólny,2,CAB
1761,złagodzić,2,BBCA
1762,wielokulturowego,2,-
1763,praktyka,2,AAACBA
1764,antyimigrancką,2,-
1765,retoryka,2,ADAB
1766,finów,2,-
1767,nasza,2,-
1768,najmniejszy,2,CAB
1769,jakiejś,2,-
1770,samo,2,EEAAA
1771,dziad,2,AAAAAA
1772,pradziad,2,AAAAAA
1773,ekstremistyczny,2,CAB
1774,definicja,2,ADACBAA
1775,uderzać,2,BDA
1776,faszysta,2,AABDAA
1777,jakoś,2,EK
1778,rodzimy,2,BBCA
1779,sztab,2,ACAAAAA
1780,skuteczniejszy,2,CAB
1781,swoje,2,EDAB
1782,pewien,2,CCBBA
1783,twardy,2,CAB
1784,zwiększyć,2,BCCA
1785,wrażliwość,2,ADCCA
1786,brytania,2,-
1787,bezpański,2,CBA
1788,nieprzyjazny,2,CAB
1789,oblicze,2,AEBAB
1790,krytyk,2,AAACBA
1791,zamiana,2,ADAAA
1792,cenzurowanie,2,AEBAA
1793,kształcić,2,BBCA
1794,zamienić,2,BBCA
1795,strzeżony,2,BAFCAB
1796,stosunek,2,ACABA
1797,uprawnienie,2,AEBAA
1798,obserwacja,2,ADACBAA
1799,zasięg,2,ACABA
1800,radar,2,ACAAAAA
1801,afganistanie,2,-
1802,ds,2,-
1803,domniemany,2,BDA
1804,strefa,2,ADAAA
1805,mobilizacja,2,ADACBAA
1806,pozostawać,2,BAAE
1807,ostro,2,FA
1808,antyimigranckiej,2,-
1809,ksenofobicznej,2,-
1810,przyzwolenie,2,AEBAA
1811,romów,2,-
1812,chronić,2,BBCA
1813,spędzać,2,BDA
1814,dziesięć,2,DBBA
1815,silniejszy,2,CAB
1816,astrid,2,-
1817,rektor,2,AAACAAAB
1818,petter,2,-
1819,ottersen,2,-
1820,dotychczasowy,2,CAB
1821,wiadomość,2,ADCCA
1822,emocja,2,ADACBAA
1823,zniszczyć,2,BCCA
1824,obejmować,2,BAAA
1825,personel,2,ACACAA
1826,przyszły,2,BAFCAA
1827,krewny,2,AAEC
1828,przemawiać,2,BDA
1829,gotowość,2,ADCCA
1830,wszelki,2,CBA
1831,nietolerancja,2,ADACBAA
1832,generalny,2,CAB
1833,przemówienie,2,AEBAA
1834,sprawowanie,2,AEBAA
1835,stół,2,ACAAAAA
1836,dowodzić,2,BBCA
1837,nadawca,2,AABCBB
1838,nrk,2,-
1839,sypialnia,2,ADACBAA
1840,kuchnia,2,ADACBAA
1841,siłownia,2,ADACBAA
1842,zastosowany,2,BAAA
1843,pozew,2,ACAAAAA
1844,socjaldemokratyczny,2,CAB
1845,oberwać,2,BAAFB
1846,reczkałow,2,-
1847,ostatecznie,2,FC
1848,gwarancja,2,ADACBAA
1849,katastrofa,2,ADAAA
1850,reczkałowa,2,-
1851,rzucić,2,BBCA
1852,krzesło,2,AEAAAB
1853,strzelec,2,AAACAAAA
1854,dobrobyt,2,ACAAAAA
1855,internautów,2,-
1856,komentarz,2,ACACBBA
1857,zupełnie,2,FB
1858,zwracać,2,BDA
1859,sterowany,2,BAAA
1860,władimir,2,-
1861,przychodzić,2,BBCA
1862,ambasada,2,ADAAA
1863,księga,2,ADAB
1864,gościć,2,BBCA
1865,znacząco,2,FC
1866,przekazać,2,BAAFA
1867,nieznacznie,2,FB
1868,dymisja,2,ADACBAA
1869,poczet,2,ACAAAAA
1870,jedyne,2,AEBBB
1871,zażyczyć,2,BCCA
1872,zbadać,2,BDA
1873,życzenie,2,AEBAA
1874,japonią,2,-
1875,listopad,2,ACAABAA
1876,maksymalny,2,CAB
1877,udowodnienie,2,AEBAA
1878,janne,2,-
1879,lekarz,2,AAABD
1880,skupić,2,BBCA
1881,kolejowy,2,CAB
1882,ewakuować,2,BAAA
1883,walizka,2,ADAB
1884,dziwny,2,CAB
1885,zostawić,2,BBCA
1886,straż,2,ADCAB
1887,pozytywny,2,CAB
1888,przywrócić,2,BBCA
1889,sydnes,2,-
1890,zbudowanie,2,AEBAA
1891,brukseli,2,-
1892,niewielki,2,CBA
1893,geert,2,-
1894,wilders,2,-
1895,mein,2,-
1896,kampf,2,-
1897,roentgena,2,-
1898,napisany,2,BAAFA
1899,powstać,2,BAFABD
1900,nosić,2,BBCA
1901,straszyć,2,BCCA
1902,internetowym,2,-
1903,straszliwy,2,CAB
1904,podwójny,2,CAB
1905,równia,2,ADACBAA
1906,czynienie,2,AEBAA
1907,szczególność,2,ADCCA
1908,zainspirować,2,BAAA
1909,rodak,2,AAACBA
1910,samotny,2,CAB
1911,bywać,2,BDA
1912,prawdopodobieństwo,2,AEAAAB
1913,etniczny,2,CAB
1914,wzrosły,2,CAB
1915,norwegiem,2,-
1916,brygada,2,ADAAA
1917,spokojnie,2,FB
1918,rdzenny,2,CAB
1919,ile,2,EHBA
1920,łącze,2,AEBAB
1921,komórkowy,2,CAB
1922,dziennikarz,2,AAABD
1923,zapanować,2,BAAA
1924,skakać,2,BAAFA
1925,wysyłać,2,BDA
1926,trop,2,ACAAAAA
1927,zemsta,2,ADAAA
1928,tutejszy,2,AAEC
1929,iranu,2,-
1930,nakaz,2,ACAAAAA
1931,hipoteza,2,ADAAA
1932,skrócenie,2,AEBAA
1933,badać,2,BDA
1934,biegły,2,BAFAAB
1935,stopień,2,AEBAA
1936,ringerike,2,-
1937,fengsel,2,-
1938,obawa,2,ADAAA
1939,brevik,2,-
1940,sprzęt,2,ACAAAAA
1941,wpłynąć,2,BAEAB
1942,przygotowanie,2,AEBAA
1943,radykał,2,AAAAAA
1944,dyrektor,2,AAACAAAB
1945,tajny,2,CAB
1946,gość,2,BBCA
1947,poważniejszy,2,CAB
1948,copeland,2,-
1949,londynu,2,-
1950,papież,2,AAABD
1951,głupstwo,2,AEAAAB
1952,biskup,2,AAADAA
1953,ryś,2,ABAABA
1954,spór,2,ACAAAAA
1955,kasa,2,ADAAA
1956,szemrać,2,BAAFA
1957,kościelny,2,AAEC
1958,skłonność,2,ADCCA
1959,kowalczyk,2,-
1960,tygodnik,2,ACABBA
1961,ksiądz,2,AAAEB
1962,ósmy,2,CAB
1963,zelandii,2,-
1964,norwegią,2,-
1965,oczywisty,2,CAB
1966,nieuzasadniony,2,CAB
1967,rejestracja,2,ADACBAA
1968,stowarzyszenie,2,AEBAA
1969,odmówić,2,BBCA
1970,brenton,2,-
1971,tarrant,2,-
1972,christchurch,2,-
1973,wychwalać,2,BDA
1974,głośny,2,CAB
1975,paul,2,-
1976,hasson,2,-
1977,potencjalny,2,CAB
1978,spacer,2,ACAAAAA
1979,zajęcie,2,AEBAA
1980,cenzura,2,ADAAA
1981,powierzchnia,2,ADACBAA
1982,kw,2,-
1983,zawartość,2,ADCCA
1984,wpływać,2,BDA
1985,niezwykle,2,FB
1986,przynależność,2,ADCCA
1987,przerosnąć,2,BAEB
1988,nordycki,2,CBA
1989,osłabić,2,BBCA
1990,ravik,2,-
1991,jupskas,2,-
1992,jeździć,2,BBCA
1993,dziewiąty,2,CAB
1994,dziewięć,2,DBBA
1995,odbić,2,AEBAA
1996,ut,2,-
1997,ya,2,-
1998,harrich,2,-
1999,rosjanom,2,-
2000,dwór,2,ACAAAAA
2001,amerykański,2,CBA
2002,śledzić,2,BBCA
2003,ameryce,2,-
2004,zagrzewać,2,BDA
2005,blogu,2,-
2006,jihadwatch,2,-
2007,org,2,-
2008,spencer,2,-
2009,baza,2,ADAAA
2010,światopoglądowy,2,CAB
2011,dżihad,2,-
2012,unabombera,2,-
2013,malkin,2,-
2014,jednomyślnie,2,FB
2015,warunkowy,2,CAB
2016,reda,2,ADAAA
2017,leże,2,AEBAB
2018,ciężarówka,2,ADAB
2019,nauczyciel,2,AAABCA
2020,czynnik,2,ACABBA
2021,późniejszy,2,CAB
2022,płaszczyzna,2,ADAAA
2023,krytyka,2,AAACBA
2024,kształtowanie,2,AEBAA
2025,życzyć,1,BCCA
2026,pc,1,-
2027,rozpaczać,1,BDA
2028,zamęczyć,1,BCCA
2029,anundsen,1,-
2030,gorzeć,1,BAD
2031,grubbegata,1,-
2032,zazwyczaj,1,FC
2033,okoliczny,1,CAB
2034,wypełnić,1,BBCA
2035,mieszanka,1,ADAB
2036,paliwo,1,AEAAAB
2037,piętrowy,1,CAB
2038,wieżowiec,1,ACACBC
2039,wylecieć,1,BBBA
2040,walać,1,BDA
2041,biegać,1,BDA
2042,zdezorientowany,1,BAAA
2043,uratować,1,BAAA
2044,sanitariusz,1,AAABD
2045,przewieźć,1,BAFCAA
2046,strażak,1,AAACBA
2047,udostępnili,1,-
2048,internetowe,1,-
2049,ratownik,1,AAACBA
2050,okolica,1,ADACABB
2051,otoczony,1,CAB
2052,wieścić,1,BBCA
2053,dramatyczny,1,CAB
2054,docierać,1,BDA
2055,prom,1,ACAAAAA
2056,wpuścić,1,BBCA
2057,pojazd,1,ACAAAAA
2058,siedzący,1,CAA
2059,wypchany,1,BDA
2060,magazynek,1,ACABA
2061,zwłoka,1,ADAB
2062,upewnić,1,BBCB
2063,skoczyć,1,BCCA
2064,przeraźliwie,1,FB
2065,zimno,1,AEAAAB
2066,krzak,1,ACABBA
2067,skała,1,ADAAA
2068,skołowany,1,BAAA
2069,zaufać,1,BDA
2070,jorgen,1,-
2071,benone,1,-
2072,nasłuchiwać,1,BAAC
2073,sms,1,-
2074,ów,1,EAABA
2075,zdradzać,1,BDA
2076,słychać,1,BFB
2077,szybki,1,ADAB
2078,reagowanie,1,AEBAA
2079,swat,1,AAAAAA
2080,zgłoszenie,1,AEBAA
2081,dopływać,1,BDA
2082,sądowej,1,-
2083,zalać,1,BAFBD
2084,psycholog,1,-
2085,współautor,1,AAACAAAB
2086,depresja,1,ADACBAA
2087,podsumowywać,1,BAAB
2088,stwierdzać,1,BDA
2089,jasno,1,FA
2090,apelacja,1,ADACBAA
2091,rozczarować,1,BAAA
2092,odsiadka,1,ADAB
2093,wielokrone,1,-
2094,zabójstwo,1,AEAAAB
2095,otrzymać,1,BDA
2096,umieszczony,1,CAB
2097,robota,1,ABABAAA
2098,wykonywać,1,BAAB
2099,solidny,1,CAB
2100,profesjonalny,1,CAB
2101,prawidłowy,1,CAB
2102,czele,1,-
2103,memoriał,1,ACAAAAA
2104,zaostrzać,1,BDA
2105,postąpić,1,BBCA
2106,finlandia,1,-
2107,sztokholmu,1,-
2108,miniony,1,CAB
2109,przedstawić,1,BBCA
2110,utrudnić,1,BBCB
2111,niepowołany,1,CAB
2112,łatwiej,1,FC
2113,przyznany,1,BDA
2114,roboczy,1,CAA
2115,wyjaśniać,1,BDA
2116,zapis,1,ACAAAAA
2117,rozpatrywać,1,BAAB
2118,fosli,1,-
2119,dokładniejszy,1,CAB
2120,kontrolowanie,1,AEBAA
2121,beatrice,1,-
2122,ask,1,-
2123,posiadany,1,BDA
2124,jesienny,1,CAB
2125,sesja,1,ADACBAA
2126,przedstawiony,1,BBCA
2127,propozycja,1,ADACBAA
2128,ubiegać,1,BDA
2129,snajper,1,AAACAAAB
2130,malm,1,ACAAAAA
2131,obydwaj,1,DABAA
2132,szkoda,1,ADAAA
2133,ustawa,1,ADAAA
2134,sankcjonować,1,BAAA
2135,chadecki,1,CBA
2136,tuve,1,-
2137,skaanberg,1,-
2138,ostrzejszy,1,CAB
2139,restrykcja,1,ADACBAA
2140,helsinek,1,-
2141,dolny,1,CAB
2142,azotan,1,ACAAAAA
2143,amon,1,ACAAAAA
2144,wyprodukować,1,BAAA
2145,przebadanie,1,AEBAA
2146,formalnie,1,FB
2147,wojenny,1,CAB
2148,ludność,1,ADCCA
2149,skutkujący,1,BAAA
2150,uszkodzenie,1,AEBAA
2151,dagbladet,1,-
2152,bezprawnie,1,FB
2153,odseparować,1,BAAA
2154,pozbawić,1,BBCA
2155,stronnicowe,1,-
2156,podanie,1,AEBAA
2157,ono,1,EEAAB
2158,argumentacja,1,ADACBAA
2159,przyżył,1,-
2160,powrócić,1,BBCA
2161,postrzelić,1,BBCA
2162,dobić,1,AEBAA
2163,strasznie,1,FB
2164,męczyć,1,BCCA
2165,darować,1,BAAA
2166,zadawać,1,BAAE
2167,newsweeka,1,-
2168,postrzał,1,ACAAAAA
2169,metalowy,1,CAB
2170,bramka,1,ADAB
2171,wykrywający,1,BDA
2172,metal,1,ACACAA
2173,zatrzymywać,1,BAAB
2174,współorganizator,1,AAACAAAB
2175,godizny,1,-
2176,dobrowolnie,1,FB
2177,breivi,1,-
2178,poświęcony,1,BBCA
2179,hjartet,1,-
2180,mot,1,-
2181,steinen,1,-
2182,dosł,1,-
2183,serce,1,AEBAA
2184,ukazać,1,BAAFA
2185,polsku,1,-
2186,tvp,1,-
2187,info,1,-
2188,terapia,1,ADACBAA
2189,tworzenie,1,AEBAA
2190,tłumaczenie,1,AEBAA
2191,wydarzyć się,1,-
2192,odejść,1,AEBAA
2193,dziennikarski,1,CBA
2194,udzielać,1,BDA
2195,llh,1,-
2196,lgbt,1,-
2197,tabloidu,1,-
2198,verdens,1,-
2199,gang,1,ACABA
2200,stwierdzenie,1,AEBAA
2201,potok,1,ACABA
2202,wtorkowy,1,CAB
2203,utrzymać,1,BDA
2204,pobudzenie,1,AEBAA
2205,lek,1,ACABAB
2206,płynąć,1,BAEAB
2207,słyszeć,1,BCBA
2208,nieustający,1,CAA
2209,wylądować,1,BAAA
2210,plaża,1,ADACABB
2211,pobiec,1,BAFAAB
2212,las,1,ACAAAAA
2213,haavard,1,-
2214,gaasbakk,1,-
2215,pistolklubbu,1,-
2216,dwukrotnie,1,FC
2217,wydalić,1,BBCA
2218,loża,1,ADACABB
2219,szkolenie,1,AEBAA
2220,zawód,1,ACAAAAA
2221,zastrzegać,1,BDA
2222,zauważyć,1,BCCA
2223,sharidyn,1,-
2224,svebakk,1,-
2225,bohn,1,-
2226,rówieśnik,1,AAACBA
2227,johannes,1,-
2228,buo,1,-
2229,oboje,1,DDA
2230,dziewczę,1,AECA
2231,ilustracyjny,1,CAB
2232,buø,1,-
2233,daleki,1,CBA
2234,archipelag,1,ACABA
2235,svalbard,1,-
2236,arktyce,1,-
2237,jazda,1,ADAAA
2238,śnieżny,1,CAB
2239,skuter,1,ACAABAA
2240,wesoły,1,CAB
2241,aleksander,1,-
2242,aas,1,-
2243,eriksen,1,-
2244,karin,1,-
2245,elena,1,-
2246,holst,1,-
2247,mnóstwo,1,AEAAAB
2248,powszechnie,1,FB
2249,lubiany,1,CAB
2250,uśmiechnięty,1,BAEAA
2251,pochodzący,1,CAA
2252,karar,1,-
2253,mustafa,1,-
2254,qasim,1,-
2255,ciemnoskóry,1,CAA
2256,ismail,1,-
2257,haji,1,-
2258,ahmed,1,-
2259,piosenkarz,1,AAABD
2260,isma,1,-
2261,brown,1,-
2262,abdim,1,-
2263,farahem,1,-
2264,tamtejszy,1,CAB
2265,edycja,1,ADACBAA
2266,muzyczny,1,CAB
2267,x,1,-
2268,factor,1,-
2269,recepcjonistka,1,ADAB
2270,stołeczny,1,CAB
2271,anne,1,-
2272,lise,1,-
2273,holter,1,-
2274,pasjonatka,1,ADAB
2275,baseballa,1,-
2276,trenować,1,BAAA
2277,zawodniczka,1,ADAB
2278,trond,1,-
2279,berntsen,1,-
2280,brat,1,AAAEA
2281,księżna,1,ADACAC
2282,wysokość,1,ADCCA
2283,modlić się,1,-
2284,odyna,1,-
2285,hala,1,ADACBABA
2286,sportowy,1,CAB
2287,wizytacja,1,ADACBAA
2288,fredrik,1,-
2289,sejersted,1,-
2290,spodziewane,1,-
2291,wchodzić,1,BBCA
2292,unieść,1,BAFCAA
2293,hitlerowski,1,CBA
2294,poprzedni,1,CBB
2295,poczytalny,1,CAB
2296,poruszać,1,BDA
2297,przegrana,1,ADACCBA
2298,wystosować,1,BAAA
2299,sprawiać,1,BDA
2300,żałować,1,BAAA
2301,przyspieszony,1,CAB
2302,manipulacja,1,ADACBAA
2303,megalomania,1,ADACBAA
2304,psychoza,1,ADAAA
2305,mandat,1,ACAAAAA
2306,drogowy,1,CAB
2307,rolniczy,1,CAA
2308,dawać,1,BAAE
2309,zawierający,1,BDA
2310,budowa,1,ADAAA
2311,posiadać,1,BDA
2312,wielbiciel,1,AAABCA
2313,kafki,1,-
2314,orwella,1,-
2315,powodzenie,1,AEBAA
2316,wino,1,ADAAA
2317,butelka,1,ADAB
2318,rocznik,1,ACABBA
2319,uznający,1,BDA
2320,koniec,1,ACACBC
2321,zakonnica,1,ADACABB
2322,założony,1,CAB
2323,wyprawa,1,ADAAA
2324,krzyżowa,1,ADACCBA
2325,pątników,1,-
2326,niewierny,1,AAEC
2327,zamieszczony,1,CAB
2328,prezentować,1,BAAA
2329,rynsztunek,1,ACABA
2330,krzyżowiec,1,AAACBA
2331,pas,1,ACAAAAA
2332,wycelowany,1,BAAA
2333,umieścić,1,BBCA
2334,podpis,1,ACAAAAA
2335,knights,1,-
2336,templar,1,-
2337,poświęcić,1,BBCA
2338,powstrzymanie,1,AEBAA
2339,fundamentalistów,1,-
2340,wysadzający,1,BDA
2341,wykonanie,1,AEBAA
2342,obiec,1,BAFAAB
2343,przystojny,1,CAB
2344,blondyn,1,AAADAA
2345,facet,1,AAADAA
2346,sąsiedztwo,1,AEAAAB
2347,uczący,1,CAA
2348,smestad,1,-
2349,następca,1,AABCBB
2350,tron,1,ACAAAAA
2351,wymordować,1,BAAA
2352,wchodzący,1,CAA
2353,skąpy,1,CAB
2354,wpis,1,ACAAAAA
2355,społecznościowych,1,-
2356,facebook,1,-
2357,twitter,1,-
2358,document,1,-
2359,zatytułować,1,BAAA
2360,półtora,1,DF
2361,skrzyżowanie,1,AEBAA
2362,poradnik,1,ACABBA
2363,podpisać,1,BAAFA
2364,obrazkowy,1,CAB
2365,skrócony,1,BBCA
2366,wrzucić,1,BBCA
2367,youtube,1,-
2368,chwytliwy,1,CAB
2369,medialny,1,CAB
2370,bastion,1,ACAAAAA
2371,brytyjską,1,-
2372,prezentacja,1,ADACBAA
2373,dominacja,1,ADACBAA
2374,wieszczył,1,-
2375,nadejście,1,AEBAA
2376,euroarabii,1,-
2377,turcję,1,-
2378,koń,1,AAABCA
2379,trojański,1,CBA
2380,wizja,1,ADACBAA
2381,dominować,1,BAAA
2382,eussr,1,-
2383,radziecki,1,CBA
2384,marksistowski,1,CBA
2385,sojusznik,1,AAACBA
2386,zbrojny,1,AAEC
2387,zwołanie,1,AEBAA
2388,kongres,1,ACAAAAA
2389,narodzić,1,BBCA
2390,jednolity,1,CAB
2391,stawić się,1,-
2392,czoło,1,AEAAAB
2393,izm,1,-
2394,historycznie,1,FB
2395,komunizm,1,ACAAAAA
2396,nazizm,1,ACAAAAA
2397,równo,1,FA
2398,nazista,1,AABDAA
2399,neonazistowski,1,CBA
2400,wygłaszać,1,BDA
2401,osiągnięcie,1,AEBAA
2402,trzydziestka,1,ADAB
2403,widywać,1,BAAB
2404,dobrowolny,1,CAB
2405,żart,1,ACAAAAA
2406,pastor,1,AAACAAAB
2407,palestyny,1,-
2408,wyglądający,1,BDA
2409,minimalistyczny,1,CAB
2410,zbiorowy,1,CAB
2411,konwersja,1,ADACBAA
2412,protestant,1,AAADAA
2413,katolicyzm,1,ACAAAAA
2414,mieszczący,1,CAA
2415,obniżka,1,ADAB
2416,podatek,1,ACABA
2417,imigracyjny,1,CAB
2418,deportowanie,1,AEBAA
2419,normalizacja,1,ADACBAA
2420,irytować,1,BAAA
2421,płacić,1,BBCA
2422,składka,1,ADAB
2423,karierowicz,1,AAABAB
2424,idealista,1,AABDAA
2425,idealistyczny,1,CAB
2426,antymuzułmańskimi,1,-
2427,islamification,1,-
2428,antyislamskiej,1,-
2429,wyprzeć,1,BABA
2430,podróżować,1,BAAA
2431,skrupulatnie,1,FB
2432,geofarm,1,-
2433,gospodarstwo,1,AEAAAB
2434,rolny,1,CAB
2435,produkować,1,BAAA
2436,asta,1,-
2437,nafaszerowanie,1,AEBAA
2438,nabyć,1,AEBAA
2439,wykorzystać,1,BDA
2440,cichy,1,CAB
2441,metamorfoza,1,ADAAA
2442,alkohol,1,ACACAA
2443,pijać,1,BDA
2444,grywać,1,BDA
2445,fanów,1,-
2446,warcraft,1,-
2447,walc,1,ABAAAB
2448,orka,1,ADAB
2449,usłyszeć,1,BCBA
2450,przecierać,1,BDA
2451,zdumienie,1,AEBAA
2452,całkiem,1,FC
2453,zwyczajny,1,CAB
2454,niezbyt,1,FC
2455,rozmowny,1,CAB
2456,podłożenie,1,AEBAA
2457,sveinung,1,-
2458,sponheim,1,-
2459,małomówny,1,CAB
2460,neurotyczny,1,CAB
2461,nasycić,1,BBCA
2462,antymuzułmańską,1,-
2463,ksenofobicznych,1,-
2464,holandii,1,-
2465,ego,1,-
2466,mcveigha,1,-
2467,pedantycznie,1,FB
2468,szykować,1,BAAA
2469,zamówienie,1,AEBAA
2470,rugera,1,-
2471,używany,1,BDA
2472,jeleni,1,CBB
2473,kusić,1,BBCA
2474,multikulturowych,1,-
2475,mniemanie,1,AEBAA
2476,osłabiać,1,BDA
2477,nina,1,-
2478,witoszek,1,-
2479,kulturoznawca,1,AABCBB
2480,wykładający,1,BDA
2481,rozstrzelać,1,BDA
2482,hitlerjugend,1,-
2483,pogardliwie,1,FB
2484,stoltenbergjugend,1,-
2485,potonąć,1,BAEAB
2486,lodowaty,1,CAB
2487,zemrzeć,1,BABA
2488,namiot,1,ACAAAAA
2489,toaleta,1,ADAAA
2490,wyszukiwać,1,BAAC
2491,zjawić się,1,-
2492,spóźniony,1,BBCB
2493,spóźnienie,1,AEBAA
2494,pojedynka,1,ADAB
2495,słaby,1,CAB
2496,niedzielny,1,CAB
2497,uczestniczący,1,CAA
2498,królowa,1,ADACCAA
2499,sonja,1,-
2500,zdruzgotany,1,BAAFA
2501,składać,1,BDA
2502,paść,1,BAFAAAB
2503,tradycyjny,1,CAB
2504,garnitur,1,ACAAAAA
2505,fotoreporter,1,AAACAAAB
2506,popis,1,ACAAAAA
2507,pozdrowić,1,BBCA
2508,niedoszły,1,CAB
2509,kieszeń,1,ADCAAA
2510,kartka,1,ADAB
2511,ustalić,1,BBCA
2512,szansa,1,ADACABA
2513,wsiąść,1,BAFCAA
2514,auto,1,AEAAAB
2515,lipcowy,1,CAB
2516,wina,1,ADAAA
2517,dopuszczający,1,BDA
2518,niszczenie,1,AEBAA
2519,etniczności,1,-
2520,obalenie,1,AEBAA
2521,zastąpienie,1,AEBAA
2522,kilkusetstronicowy,1,CAB
2523,trafić,1,BBCA
2524,niezadowolony,1,CAB
2525,panująca,1,ADACCBA
2526,popełniony,1,BBCA
2527,poniżać,1,BDA
2528,przede,1,-
2529,pozostały,1,BAFABD
2530,czterostronicowy,1,-
2531,niehumanitarne,1,-
2532,umożliwienie,1,AEBAA
2533,wymienić,1,BBCA
2534,dopuszczalny,1,CAB
2535,geira,1,-
2536,lippestadta,1,-
2537,zmęczony,1,CAB
2538,zakłopotany,1,BAAFA
2539,wyjątkowo,1,FC
2540,oznaka,1,ADAB
2541,opierać,1,BDA
2542,wysoki,1,CBA
2543,zdziwić,1,BBCA
2544,wystarczająco,1,FC
2545,ekstremalny,1,CAB
2546,obiekt,1,ACAAAAA
2547,dodatkowo,1,FC
2548,zasłynąć,1,BAEAB
2549,wiezienie,1,AEBAA
2550,benjamina,1,-
2551,hermansena,1,-
2552,pojęcie,1,AEBAA
2553,spotkać,1,BDA
2554,helen,1,-
2555,andenaes,1,-
2556,sekulic,1,-
2557,decydować,1,BAAA
2558,obligować,1,BAAA
2559,niezapowiedzianych,1,-
2560,niesłusznie,1,FB
2561,uniemożliwiać,1,BDA
2562,wnoszenie,1,AEBAA
2563,zaskarżenie,1,AEBAA
2564,uprawomocnienie,1,AEBAA
2565,marcowy,1,CAB
2566,rozstrzelanie,1,AEBAA
2567,wykonywanie,1,AEBAA
2568,telefoniczny,1,CAB
2569,podłączenie,1,AEBAA
2570,nadanie,1,AEBAA
2571,matrymonialny,1,CAB
2572,zawarcie,1,AEBAA
2573,małżeński,1,CBA
2574,podawanie,1,AEBAA
2575,kawa,1,ADAAA
2576,dziennie,1,FB
2577,niesmaczny,1,CAB
2578,mikrofalówki,1,-
2579,wynoszący,1,BBCA
2580,euro,1,-
2581,maskara,1,-
2582,przyjaźnić się,1,-
2583,przystojniak,1,AAACBA
2584,żenić,1,BBCA
2585,programowo,1,FC
2586,angielsku,1,-
2587,emerytowany,1,CAB
2588,davida,1,-
2589,placówka,1,ADAB
2590,teheranie,1,-
2591,oecd,1,-
2592,wenche,1,-
2593,rozwieść,1,BAFCAA
2594,starszy,1,CAB
2595,ożenić,1,BBCA
2596,bezskutecznie,1,FB
2597,zerwać,1,BAAFB
2598,rodzinny,1,CAB
2599,nieobecność,1,ADCCA
2600,sprawić,1,BBCA
2601,łatwy,1,CAB
2602,rozpatrywany,1,BAAB
2603,uprzywilejowany,1,BAAA
2604,macocha,1,ADAAA
2605,tove,1,-
2606,oszczędzać,1,BDA
2607,ideologiczno,1,-
2608,wywód,1,ACAAAAA
2609,pogrupować,1,BAAA
2610,emerytura,1,ADAAA
2611,żona,1,ADAAA
2612,zniknąć,1,BAEAA
2613,obyczajowy,1,CAB
2614,mąż,1,AAAAB
2615,partnerka,1,ADAB
2616,partner,1,AAACAAAB
2617,kosztowny,1,CAB
2618,choroba,1,ADAAA
2619,weneryczny,1,CAB
2620,upadek,1,ACABA
2621,likwidacja,1,ADACBAA
2622,patriarchat,1,ACAAAAA
2623,odzwierciedlać,1,BDA
2624,liceum,1,AED
2625,klasa,1,ADAAA
2626,szczycić się,1,-
2627,czołowy,1,CAB
2628,grafficiarzy,1,-
2629,pokrywający,1,BDA
2630,przyjaźnie,1,FB
2631,pakistańskiego,1,-
2632,zintegrować,1,BAAA
2633,wybierać,1,BDA
2634,świadomie,1,FB
2635,chrzestna,1,ADACCBA
2636,uchodźczyni,1,-
2637,chile,1,-
2638,napaść,1,ADCCA
2639,okraść,1,BAFAAAA
2640,hopowym,1,-
2641,towarzystwo,1,AEAAAB
2642,rozejść się,1,-
2643,zainteresować,1,BAAA
2644,ćpać,1,BDA
2645,kierunek,1,ACABA
2646,ekonomia,1,ADACBAA
2647,zarządzanie,1,AEBAA
2648,towarzyski,1,CBA
2649,przelotny,1,CAB
2650,romans,1,ACAAAAA
2651,status,1,ACAAAAA
2652,zapobiegliwość,1,ADCCA
2653,urok,1,ACABA
2654,brytyjskich,1,-
2655,donieść,1,BAFCAA
2656,plastyczny,1,CAB
2657,przełomowy,1,CAB
2658,przebudzenie,1,AEBAA
2659,serbii,1,-
2660,wypędzenie,1,AEBAA
2661,albańczyków,1,-
2662,kosowa,1,-
2663,gorąco,1,AEAABA
2664,sprzeciwiać się,1,-
2665,kandydować,1,BAAA
2666,radny,1,AAEC
2667,rozwód,1,ACAAAAA
2668,umiarkowany,1,CAB
2669,hurtownia,1,ADACBAA
2670,wrocławia,1,-
2671,odczynnik,1,ACABBA
2672,wymagany,1,BDA
2673,przyrząd,1,ACAAAAA
2674,radioaktywny,1,CAB
2675,urządzenie,1,AEBAA
2676,emitujący,1,BAAA
2677,jonizujący,1,BAAA
2678,sprowadzić,1,BBCA
2679,mienie,1,AEBAA
2680,sprzedaż,1,ADCAB
2681,dyskusyjny,1,CAB
2682,norsk,1,-
2683,freakforum,1,-
2684,pyroforum,1,-
2685,przetłumaczyć,1,BCCA
2686,włączać,1,BDA
2687,pyro,1,-
2688,prat,1,-
2689,podpisujący,1,CAA
2690,pyromaniac,1,-
2691,internetowy,1,-
2692,język,1,ACABBA
2693,poważnie,1,FB
2694,zachwalać,1,BDA
2695,tani,1,CBB
2696,posiadający,1,BDA
2697,wyczytać,1,BDA
2698,ostrożność,1,ADCCA
2699,przesyłka,1,ADAB
2700,samolot,1,ACAAAAA
2701,niemożliwy,1,CAB
2702,uznawany,1,BAAE
2703,najlepiej,1,FC
2704,odbiór,1,ACAAAAA
2705,dowieźć,1,BAFCAA
2706,dostarczyć,1,BCCA
2707,gram,1,BDA
2708,kg,1,-
2709,płk,1,-
2710,podmiot,1,ACAAAAA
2711,dementować,1,BAAA
2712,pogłoska,1,ADAB
2713,sprzedać,1,BDC
2714,zamawiać,1,BDA
2715,kamuflować,1,BAAA
2716,zakup,1,ACAAAAA
2717,marginalny,1,CAB
2718,wskazujący,1,CAA
2719,chętnie,1,FB
2720,ciężko,1,FA
2721,przestraszony,1,CAB
2722,chcący,1,AAEB
2723,pobawić,1,BBCA
2724,odbierać,1,BDA
2725,sprawdzić,1,BBCA
2726,ubezpieczeniowy,1,CAB
2727,spokrewnić się,1,-
2728,łukaszem,1,-
2729,identyczny,1,CAB
2730,kontaktowy,1,CAB
2731,nieporozumienie,1,AEBAA
2732,granat,1,ACAAAAA
2733,rusznica,1,ADACABB
2734,przeciwpancerny,1,CAB
2735,praga,1,-
2736,tranzytowy,1,CAB
2737,brutalny,1,CAB
2738,gangster,1,AAACAAAB
2739,podróż,1,BCCA
2740,taksówkarz,1,AAABD
2741,nerw,1,ACAAAAA
2742,przebrany,1,BAAFA
2743,pytać,1,BDA
2744,sprawdzać,1,BDA
2745,zdystansować,1,BAAA
2746,vaclav,1,-
2747,klaus,1,-
2748,sympatia,1,ADACBAA
2749,pyta,1,ADAAA
2750,wschodni,1,CBB
2751,diabelski,1,CBA
2752,imperium,1,AED
2753,przywoływać,1,BAAB
2754,czechosłowacji,1,-
2755,wygnany,1,BDA
2756,sudeccy,1,-
2757,przyszłość,1,ADCCA
2758,naśladować,1,BAAA
2759,odniesienie,1,AEBAA
2760,sprzyjać,1,BDA
2761,smoleński,1,-
2762,krakowie,1,-
2763,sprzyjający,1,BDA
2764,wielokulturowej,1,-
2765,fundamentalista,1,-
2766,nadciągać,1,BDA
2767,prorok,1,AAACBA
2768,przewidzieć,1,BBBA
2769,opisywanie,1,AEBAA
2770,przeżywać,1,BDA
2771,dostrzegać,1,BDA
2772,całość,1,ADCCA
2773,symptom,1,ACAAAAA
2774,towarzyszyć,1,BCCA
2775,napięcie,1,AEBAA
2776,istota,1,ADAAA
2777,struktura,1,ADAAA
2778,zlepek,1,ACABA
2779,dostosowanie,1,AEBAA
2780,tworzyć,1,BCCA
2781,asymilacyjny,1,CAB
2782,jedność,1,ADCCA
2783,romantyczny,1,CAB
2784,wynalazek,1,ACABA
2785,wyrosły,1,CAB
2786,norma,1,ADAAA
2787,przybyły,1,BEB
2788,agresja,1,ADACBAA
2789,idący,1,CAA
2790,kakofonia,1,ADACBAA
2791,mitologia,1,ADACBAA
2792,wiking,1,AAAAB
2793,szanować,1,BAAA
2794,mason,1,AAADAA
2795,marzyć,1,BCCA
2796,powołanie,1,AEBAA
2797,walczący,1,CAA
2798,kaczyńskiego,1,-
2799,niezrównoważony,1,CAB
2800,przytulać,1,BDA
2801,odklejać,1,BDA
2802,grupka,1,ADAB
2803,śledczy,1,AAEB
2804,siatka,1,ADAB
2805,kupa,1,ADAAA
2806,inteligentny,1,CAB
2807,ubzdurać,1,BDA
2808,islamistyczny,1,CAB
2809,samobójca,1,AABCBB
2810,pokiereszowany,1,BAAA
2811,wyrastać,1,BDA
2812,urlike,1,-
2813,zmysł,1,ACAAAAA
2814,podkładanie,1,AEBAA
2815,supermarketach,1,-
2816,porywanie,1,AEBAA
2817,mordowanie,1,AEBAA
2818,przemysłowiec,1,AAACBA
2819,przekonanie,1,AEBAA
2820,funkcjonować,1,BAAA
2821,rachunek,1,ACABA
2822,rozwiązywanie,1,AEBAA
2823,wyjątek,1,ACABA
2824,niedawny,1,CAB
2825,peryferyjny,1,CAB
2826,przyjazny,1,CAB
2827,pozór,1,ACAAAAA
2828,bezproblemowy,1,CAB
2829,multikulturalizm,1,-
2830,teoretyk,1,AAACBA
2831,liberał,1,AAAAAA
2832,pięknoduch,1,AAACBA
2833,cywilizacyjny,1,CAB
2834,feudalizm,1,ACAAAAA
2835,biblioteka,1,ADAB
2836,nierówność,1,ADCCA
2837,ekonomiczny,1,CAB
2838,emigracja,1,ADACBAA
2839,demografia,1,ADACBAA
2840,starzeć się,1,-
2841,schizofreniczny,1,CAB
2842,dostatek,1,ACABA
2843,znak,1,ACABA
2844,islamizm,1,-
2845,islamizmem,1,-
2846,rzeczywisty,1,CAB
2847,asymilacja,1,ADACBAA
2848,kryzys,1,ACAAAAA
2849,urągać,1,BDA
2850,polakom,1,-
2851,czechom,1,-
2852,zabierać,1,BDA
2853,rozpoznać,1,BDA
2854,potomek,1,AAAAB
2855,pokolenie,1,AEBAA
2856,algierii,1,-
2857,turcji,1,-
2858,dziadek,1,AAAAB
2859,wykorzenić,1,BBCA
2860,konkretny,1,CAB
2861,wpływowy,1,CAB
2862,zmierzch,1,ACAAAB
2863,niemodny,1,CAB
2864,świt,1,ACAAAAA
2865,ksenofob,1,AAADAA
2866,imigranckie,1,-
2867,osiedlać,1,BDA
2868,siak,1,-
2869,wyobrażenie,1,AEBAA
2870,zło,1,AEAAAA
2871,przywlec,1,BAFCAB
2872,ratunek,1,ACABA
2873,homogeniczność,1,ADCCA
2874,racjonalnie,1,FB
2875,myć,1,AEBAA
2876,wymyślać,1,BDA
2877,skomplikować,1,BAAA
2878,mniejszościowy,1,CAB
2879,wielożeństwo,1,AEAAAB
2880,obrzezanie,1,AEBAA
2881,tolerować,1,BAAA
2882,znakomity,1,CAB
2883,podglebie,1,-
2884,asymilować,1,BAAA
2885,specyfik,1,ACABA
2886,poszczególny,1,CAB
2887,szerszy,1,CAB
2888,prawidła,1,-
2889,zawierać,1,BDA
2890,długi,1,ACABA
2891,wspólny,1,CAB
2892,specyfika,1,ADAB
2893,niemiec,1,-
2894,danii,1,-
2895,szczegółowy,1,CAB
2896,rozwiązanie,1,AEBAA
2897,mówienie,1,AEBAA
2898,oficjalny,1,CAB
2899,zadekretowanie,1,-
2900,wyprostować,1,BAAA
2901,cudowny,1,CAB
2902,wielokulturową,1,-
2903,europę,1,-
2904,byśmy,1,-
2905,ustawodawstwo,1,AEAAAB
2906,duńskiej,1,-
2907,ludowy,1,CAB
2908,nicolas,1,-
2909,sarkozy,1,-
2910,urządzać,1,BDA
2911,antyromskie,1,-
2912,heca,1,ADACABB
2913,zakamuflowany,1,BAAA
2914,nawoływanie,1,AEBAA
2915,budzący,1,CAA
2916,niesmak,1,ACABA
2917,populizm,1,-
2918,pozyskiwanie,1,AEBAA
2919,integrować,1,BAAA
2920,socjalistyczny,1,CAB
2921,komunista,1,AABDAA
2922,umowa,1,ADAAA
2923,protest,1,ACAAAAA
2924,grubszy,1,CAB
2925,czucie,1,AEBAA
2926,pokrzywdzony,1,BBCA
2927,fizycznie,1,FB
2928,zagrożony,1,BBCA
2929,arabski,1,CBA
2930,podparyskich,1,-
2931,blokowiskach,1,-
2932,rewanż,1,ACACACB
2933,zasiać,1,BAFBD
2934,kilogram,1,ACAABAA
2935,niepewność,1,ADCCA
2936,przypadkowy,1,CAB
2937,umówić,1,BBCA
2938,kliniczny,1,CAB
2939,bezsporny,1,CAB
2940,fachowiec,1,AAACBA
2941,wypracowywać,1,BAAB
2942,procedura,1,ADAAA
2943,zagubić,1,BBCA
2944,ufność,1,ADCCA
2945,taktyka,1,AAACBA
2946,dłuższy,1,CAB
2947,meta,1,ADAAA
2948,niszczyć,1,BCCA
2949,maszyna,1,ADAAA
2950,upatrywać,1,BAAB
2951,islamizmu,1,-
2952,rozszerzyć,1,BCCA
2953,doczekać,1,BDA
2954,niebawem,1,FC
2955,monitoringu,1,-
2956,ufny,1,CAB
2957,beztroski,1,ADABA
2958,nonszalancki,1,CBA
2959,irlandzkiej,1,-
2960,republikański,1,CBA
2961,pubie,1,-
2962,wagonik,1,ACABBA
2963,wisieć,1,BBBA
2964,tabliczka,1,ADAB
2965,napis,1,ACAAAAA
2966,pakunek,1,ACABA
2967,zostawiać,1,BDA
2968,siedzenie,1,AEBAA
2969,rozłożony,1,CAB
2970,cień,1,BBCA
2971,izraelu,1,-
2972,izraelskie,1,-
2973,standard,1,ACAAAAA
2974,torebka,1,ADAB
2975,plecak,1,ACABBA
2976,wejście,1,AEBAA
2977,koegzystować,1,BAAA
2978,recenzja,1,ADACBAA
2979,rozsądny,1,CAB
2980,zawiesić,1,BBCA
2981,ograniczyć,1,BCCA
2982,padać,1,BDA
2983,grunt,1,ACAAAAA
2984,skutkować,1,BAAA
2985,bezpieczniejszy,1,CAB
2986,drobiazgowy,1,CAB
2987,wyrywkowy,1,CAB
2988,lądowy,1,CAB
2989,zrzeszanie,1,AEBAA
2990,zaszokowany,1,BAAA
2991,nastrój,1,BBCA
2992,sztywny,1,CAB
2993,reguła,1,ADAAA
2994,dawno,1,FA
2995,trade,1,-
2996,miękkość,1,ADCCA
2997,udaremnić,1,BBCB
2998,ograniczanie,1,AEBAA
2999,przemiana,1,ADAAA
3000,zbiór,1,ACAAAAA
3001,perspektywa,1,ADAAA
3002,ściśle,1,FB
3003,brawo,1,AEAAAB
3004,stary,1,CAA
3005,chwilowy,1,CAB
3006,wahnięcie,1,AEBAA
3007,alert,1,ACAAAAA
3008,ur,1,-
3009,historyk,1,AAACBA
3010,założyciel,1,AAABCA
3011,niemiecko,1,-
3012,żydowski,1,CBA
3013,bundeswehry,1,-
3014,monachium,1,-
3015,dostateczny,1,CAB
3016,instrument,1,ACAAAAA
3017,graniczny,1,CAB
3018,śledzenie,1,AEBAA
3019,niezauważenie,1,AEBAA
3020,niedocenienie,1,-
3021,wykrywalny,1,CAB
3022,technik,1,AAACBA
3023,skupiać,1,BDA
3024,luka,1,ADAB
3025,wypaść,1,BAFAAAB
3026,skandynawskie,1,-
3027,zaangażowany,1,BAAA
3028,libii,1,-
3029,matthew,1,-
3030,goodwin,1,-
3031,nottingham,1,-
3032,znawca,1,AABCBB
3033,pojedynczy,1,CAA
3034,umknąć,1,BAEAA
3035,zapatrzony,1,CAB
3036,poohla,1,-
3037,fundacja,1,ADACBAA
3038,expo,1,-
3039,zwiastun,1,AAADAA
3040,karmiący,1,CAA
3041,islamofobią,1,-
3042,przeformułowanie,1,AEBAA
3043,priorytet,1,ACAAAAA
3044,wzięcie,1,AEBAA
3045,niewykluczone,1,-
3046,winowajca,1,AABCBB
3047,należący,1,CAA
3048,schengen,1,-
3049,przyłączyć,1,BCCA
3050,bezgraniczny,1,CAB
3051,nieprawdopodobny,1,CAB
3052,rodzić,1,BBCA
3053,nieco,1,FC
3054,wiarygodność,1,ADCCA
3055,przekonujący,1,CAA
3056,czasowy,1,CAB
3057,zamykanie,1,AEBAA
3058,prezydentura,1,ADAAA
3059,george,1,-
3060,busha,1,-
3061,zrażony,1,BBCA
3062,zagadka,1,ADAB
3063,scena,1,ADAAA
3064,stopniowy,1,CAB
3065,erozja,1,ADACBAA
3066,wysiedlenie,1,AEBAA
3067,dyskryminacja,1,ADACBAA
3068,groźniejszy,1,CAB
3069,popołudnie,1,AEBAC
3070,rejon,1,ACAAAAA
3071,sielniejszy,1,-
3072,działaczka,1,ADAB
3073,student,1,AAADAA
3074,korespondencyjnie,1,FB
3075,opuszczać,1,BDA
3076,reutera,1,-
3077,ole,1,-
3078,wykształcenie,1,AEBAA
3079,przyjęcie,1,AEBAA
3080,trudny,1,CAB
3081,zaakceptowanie,1,AEBAA
3082,rozumieć,1,BDBA
3083,wywoływać,1,BAAB
3084,wierny,1,AAEC
3085,zagadnienie,1,AEBAA
3086,respektowanie,1,AEBAA
3087,nałożony,1,CAB
3088,nakazywać,1,BAAB
3089,wykład,1,ACAAAAA
3090,seminarium,1,AED
3091,galeria,1,ADACBAA
3092,sława,1,ADAAA
3093,wolno,1,BFBA
3094,pozostawiać,1,BDA
3095,para,1,AAAAAA
3096,składanie,1,AEBAA
3097,ocalały,1,BDA
3098,zwalczać,1,BDA
3099,zaradczy,1,CAA
3100,umocnienie,1,AEBAA
3101,msza,1,ADACAA
3102,sekretarz,1,AAABD
3103,wieczór,1,ACAAAAA
3104,połączony,1,CAB
3105,haralda,1,-
3106,najkrwawszy,1,-
3107,nieokreślony,1,CAB
3108,ocalony,1,BBCA
3109,rozliczyć,1,BCCA
3110,eide,1,-
3111,hoem,1,-
3112,ub,1,-
3113,wybitny,1,CAB
3114,zaapelować,1,BAAA
3115,uniewinniać,1,BDA
3116,relatywnie,1,FB
3117,miara,1,ADAAA
3118,organizować,1,BAAA
3119,interakcja,1,ADACBAA
3120,dopuścić,1,BBCA
3121,okropny,1,CAB
3122,opiekować się,1,-
3123,papuga,1,ADAB
3124,rygor,1,ACAAAAA
3125,pts,1,-
3126,łamana,1,ADACCBA
3127,tolerancyjny,1,CAB
3128,komentator,1,AAACAAAB
3129,wadim,1,-
3130,wielkonakładowym,1,-
3131,moskiewskim,1,-
3132,komsomolec,1,AAACBA
3133,przybysz,1,AAABAB
3134,demoralizujący,1,BAAA
3135,zbuntować,1,BAAA
3136,idea,1,ADACBAA
3137,sytość,1,ADCCA
3138,dowieść,1,BAFCAA
3139,szczęśliwy,1,CAB
3140,materialny,1,CAB
3141,otoczyć,1,BCCA
3142,socjalny,1,CAB
3143,zwariować,1,BAAA
3144,powiesić,1,BBCA
3145,wyrżnąć,1,BAEAA
3146,potwierdzać,1,BDA
3147,obowiązujący,1,CAA
3148,ostateczny,1,CAB
3149,stado,1,AEAAAB
3150,mięczak,1,AAADBA
3151,tchórz,1,AAABD
3152,obrzucić,1,BBCA
3153,czeczenii,1,-
3154,chłopczyk,1,AAADBA
3155,bandyta,1,AABDAA
3156,cagarajewa,1,-
3157,zbój,1,AAABAB
3158,pułk,1,ACABA
3159,zmotoryzowany,1,BAAA
3160,moralny,1,CAB
3161,wyższość,1,ADCCA
3162,niezarażonych,1,-
3163,wirus,1,ABABAAA
3164,rosjan,1,-
3165,zniewieściały,1,CAB
3166,zamieniony,1,BBCA
3167,wyrażać,1,BDA
3168,radość,1,ADCCA
3169,moskiewski,1,-
3170,duch,1,ABABAAB
3171,ideał,1,AAACAAAB
3172,autorytet,1,ACAAAAA
3173,reporter,1,AAACAAAB
3174,przestudiować,1,BAAA
3175,stronicowy,1,-
3176,wspominany,1,BDA
3177,rosja,1,-
3178,sposób,1,BBCA
3179,nabycie,1,AEBAA
3180,biologiczny,1,CAB
3181,jądrowy,1,CAB
3182,wychowywać,1,BAAB
3183,kulturalno,1,-
3184,patriotyczny,1,CAB
3185,wychowanie,1,AEBAA
3186,stworzony,1,CAB
3187,proputinowska,1,-
3188,ustroić,1,BBCA
3189,putinowskiej,1,-
3190,nieudolny,1,CAB
3191,masa,1,ADAAA
3192,zastąpiony,1,BBCA
3193,wrażenie,1,AEBAA
3194,sprawiedliwy,1,CAB
3195,przywódca,1,AABCBB
3196,godny,1,CAB
3197,szacunek,1,ACABA
3198,potencjalnie,1,FB
3199,moskwy,1,-
3200,świeca,1,ADACABB
3201,wpisywać,1,BAAB
3202,kondolencyjny,1,CAB
3203,dmitrij,1,-
3204,miedwiediew,1,-
3205,korzystny,1,CAB
3206,andersowi,1,-
3207,przyjmowanie,1,AEBAA
3208,zaskarżyć,1,BCCA
3209,przeczytać,1,BDA
3210,treść,1,ADCCA
3211,krata,1,ADAAA
3212,szyba,1,ADAAA
3213,mnożyć,1,BCCA
3214,absurdalny,1,CAB
3215,areszt,1,ACAAAAA
3216,baerum,1,-
3217,kompletny,1,CAB
3218,kwadratowy,1,CAB
3219,muszla,1,ADACBAA
3220,klozetowy,1,CAB
3221,dagens,1,-
3222,naeringsliv,1,-
3223,rozumienie,1,AEBAA
3224,honor,1,ACAAAAA
3225,japończyk,1,-
3226,pojąć,1,BAFCB
3227,europejczyk,1,-
3228,japonię,1,-
3229,koreę,1,-
3230,tajwan,1,-
3231,jednonarodowe,1,-
3232,odrzucający,1,BDA
3233,sojusz,1,ACACACB
3234,złudzenie,1,AEBAA
3235,spełnić,1,BBCA
3236,dwójka,1,ADAB
3237,wynosić,1,BBCA
3238,mecenas,1,AAADAA
3239,utracić,1,BBCA
3240,ujawniany,1,BDA
3241,rewelacja,1,ADACBAA
3242,abdykacja,1,ADACBAA
3243,udzielony,1,BBCA
3244,dwojaki,1,ACABBA
3245,papieros,1,ABABAAA
3246,ubranie,1,AEBAA
3247,nierealistyczny,1,CAB
3248,realny,1,CAB
3249,świadczący,1,CAA
3250,oświadczyć,1,BCCA
3251,wywiadowczy,1,CAA
3252,priorytetowy,1,CAB
3253,istnienie,1,AEBAA
3254,zamieszany,1,BDA
3255,brytyjski,1,-
3256,tuz,1,AAACAAAB
3257,brytyjskie,1,-
3258,starać się,1,-
3259,dług,1,ACABA
3260,normalna,1,ADACCBA
3261,skrzywiony,1,BBCA
3262,autobus,1,ACAAAAA
3263,podjechać,1,BAAFA
3264,wysiąść,1,BAFCAA
3265,bagaż,1,ACACAB
3266,saper,1,AAACAAAB
3267,pożarna,1,-
3268,stopniowo,1,FC
3269,przywracać,1,BDA
3270,podwyższony,1,CAB
3271,patrolować,1,BAAA
3272,pogrążony,1,CAB
3273,smutek,1,ACABA
3274,wyciszyć,1,BCCA
3275,spora,1,ADAAA
3276,składany,1,BDA
3277,upamiętnienie,1,AEBAA
3278,zagospodarowanie,1,AEBAA
3279,zaoferować,1,BAAA
3280,milioner,1,AAACAAAB
3281,stordalen,1,-
3282,późno,1,FA
3283,zignorować,1,BAAA
3284,zwierać,1,BDA
3285,szereg,1,ACABA
3286,spisać,1,BAAFA
3287,fantastycznie,1,FB
3288,storberget,1,-
3289,kontrastować,1,BAAA
3290,przekonać,1,BDA
3291,test,1,ACAAAAA
3292,czujny,1,CAB
3293,aftenposten,1,-
3294,christiana,1,-
3295,hatlo,1,-
3296,teoretycznie,1,FB
3297,przewidujący,1,CAA
3298,utrudnienie,1,AEBAA
3299,dostępność,1,ADCCA
3300,onz,1,-
3301,leiv,1,-
3302,k,1,-
3303,wzmocnienie,1,AEBAA
3304,kupujący,1,BAAA
3305,podejrzewać,1,BDA
3306,kilkakrotnie,1,FC
3307,inicjatywa,1,ADAAA
3308,prezydencji,1,-
3309,zbierać,1,BDA
3310,usprawnić,1,BBCB
3311,europolu,1,-
3312,dokładny,1,CAB
3313,portret,1,ACAAAAA
3314,sklep,1,ACAAAAA
3315,keten,1,ACAAAAA
3316,azotyn,1,ACAAAAA
3317,sód,1,ADAAA
3318,nadużywany,1,BDA
3319,psychopata,1,AABDAA
3320,policzek,1,ACABBA
3321,antyislamskiego,1,-
3322,potępiać,1,BDA
3323,hitlera,1,-
3324,nauczyć,1,BCCA
3325,wspaniały,1,CAB
3326,aldous,1,-
3327,huxley,1,-
3328,właściwie,1,FB
3329,przeniknąć,1,BAEAA
3330,przeszywać,1,BDA
3331,przeszyć,1,AEBAA
3332,dotkliwiej,1,FC
3333,ciarka,1,ADAB
3334,hitler,1,-
3335,stalin,1,-
3336,mao,1,-
3337,wcielać,1,BDA
3338,koncentracyjny,1,CAB
3339,komora,1,ADAAA
3340,gazowy,1,CAB
3341,wywózka,1,ADAB
3342,reedukacja,1,ADACBAA
3343,wyobrazić,1,BBCA
3344,świetny,1,CAB
3345,angielszczyzna,1,ADAAA
3346,połączenie,1,AEBAA
3347,traktat,1,ACAAAAA
3348,filozoficzny,1,CAB
3349,element,1,ACAAAAA
3350,przewodnik,1,AAACBA
3351,instrukcja,1,ADACBAA
3352,kawałek,1,ACABBA
3353,porównywać,1,BAAB
3354,hitlerem,1,-
3355,f,1,-
3356,hrerem,1,-
3357,kuriozum,1,AED
3358,ideologicznie,1,FB
3359,katechizm,1,ACAAAAA
3360,współobywatelach,1,-
3361,totalitaryzm,1,ACAAAAA
3362,czytanie,1,AEBAA
3363,technicznie,1,FB
3364,niewykonalny,1,CAB
3365,dysk,1,ACABA
3366,przynieść,1,BAFCAA
3367,odwrotny,1,CAB
3368,zakazany,1,BAAFA
3369,atrakcyjność,1,ADCCA
3370,memento,1,AEE
3371,psychologów,1,-
3372,obnażać,1,BDA
3373,szukanie,1,AEBAA
3374,recepta,1,ADAAA
3375,garść,1,ADCAAA
3376,demokrata,1,AABDAA
3377,odcinać,1,BDA
3378,zastanowić,1,BBCA
3379,sądowa,1,-
3380,obrażanie,1,AEBAA
3381,populistów,1,-
3382,jimmie,1,-
3383,akesson,1,-
3384,burek,1,ABAC
3385,wyścig,1,ACABA
3386,zasiłek,1,ACABA
3387,dystansować,1,BAAA
3388,emeryt,1,AAADAA
3389,narodowiec,1,AAACBA
3390,zakwefionymi,1,-
3391,darmozjad,1,AAACAAAB
3392,węgierski,1,CBA
3393,jobbiku,1,-
3394,cygański,1,CBA
3395,węgrzech,1,-
3396,umysł,1,ACAAAAA
3397,wybiegać,1,BDA
3398,dyskurs,1,ACAAAAA
3399,antymuzułmański,1,-
3400,antyimigrancki,1,-
3401,nadziać,1,BAFBD
3402,blef,1,ACAAAAA
3403,wyobraźnia,1,ADACBAA
3404,grafoman,1,AAADAA
3405,columbine,1,-
3406,naśladowany,1,BAAA
3407,rozbroić,1,BBCA
3408,mina,1,ADAAA
3409,skazanie,1,AEBAA
3410,globalny,1,CAB
3411,wyznający,1,BDA
3412,bóg,1,AAAAAB
3413,próbujący,1,BAAA
3414,skoordynowany,1,BAAA
3415,rosnąć,1,BAEB
3416,metodycznie,1,FB
3417,sympatyzujący,1,BAAA
3418,pochowany,1,BDA
3419,raniony,1,BBCA
3420,dobity,1,BAFB
3421,poszukiwanie,1,AEBAA
3422,pochować,1,BDA
3423,opuścić,1,BBCA
3424,kryjówka,1,ADAB
3425,opanować,1,BAAA
3426,antyterrorystyczna,1,-
3427,niezdetonowane,1,-
3428,odwiedzić,1,BBCA
3429,zaskoczyć,1,BCCA
3430,usłyszenie,1,AEBAA
3431,kazać,1,BAAFA
3432,zebrać,1,BAAFA
3433,tożsamość,1,ADCCA
3434,trzydziestokilkuletni,1,-
3435,konto,1,AEAAAB
3436,wiara,1,ADAAA
3437,wart,1,CCBBA
3438,wierzący,1,AAEB
3439,robienie,1,AEBAA
3440,zablokowany,1,BAAA
3441,myślistwo,1,AEAAAB
3442,masoneria,1,ADACBAA
3443,mieszanie,1,AEBAA
3444,nieoficjalny,1,CAB
3445,rzeczywiście,1,FC
3446,sylwetka,1,ADAB
3447,podsumować,1,BAAA
3448,strata,1,ADAAA
3449,sąsiedni,1,CBB
3450,londyńskie,1,-
3451,metro,1,AEAAAB
3452,nastąpić,1,BBCA
3453,kompleks,1,ACAAAAA
3454,front,1,ACAAAAA
3455,zasypać,1,BAAFA
3456,niepełny,1,CAB
3457,trafiony,1,BBCA
3458,pogotowie,1,AEBAC
3459,przechodni,1,CBB
3460,pomagać,1,BDA
3461,pokaleczony,1,CAB
3462,paczka,1,ADAB
3463,zalecić,1,BBCA
3464,wypadek,1,ACABA
3465,patrol,1,ACACAA
3466,de,1,-
3467,facto,1,-
3468,wyjątkowy,1,CAB
3469,znacznie,1,FB
3470,wyjeżdżać,1,BDA
3471,pusty,1,CAB
3472,urząd,1,ACAAAAAB
3473,przeciążony,1,CAB
3474,udostępnienie,1,AEBAA
3475,bezprzewodowy,1,CAB
3476,ucierpieć,1,BBBA
3477,uspokajać,1,BDA
3478,rozgrywać,1,BDA
3479,biorący,1,CAA
3480,totalny,1,CAB
3481,chaos,1,ACAAAAA
3482,dopłynąć,1,BAEAB
3483,donosić,1,BBCA
3484,antyterrorystycznej,1,-
3485,lecieć,1,BBBA
3486,apelować,1,BAAA
3487,narazić,1,BBCA
3488,zwołać,1,BDA
3489,kryzysowy,1,CAB
3490,posiedzenie,1,AEBAA
3491,snucie,1,AEBAA
3492,przypuszczenie,1,AEBAA
3493,celownik,1,ACABBA
3494,afganistanu,1,-
3495,lotnictwo,1,AEAAAB
3496,nalot,1,ACAAAAA
3497,libię,1,-
3498,podany,1,BDC
3499,przeczyć,1,BCCA
3500,ntb,1,-
3501,skrócić,1,BBCA
3502,uprzednio,1,FC
3503,przewidziany,1,CAB
3504,zabezpieczenie,1,AEBAA
3505,budzić,1,BBCA
3506,kary,1,ACAAAAA
3507,nonstad,1,-
3508,dot,1,-
3509,psychotyczny,1,CAB
3510,narcystyczne,1,-
3511,dyssocjalne,1,-
3512,oceniać,1,BDA
3513,wydanie,1,AEBAA
3514,miażdżący,1,CAA
3515,zastosować,1,BAAA
3516,skutecznie,1,FB
3517,istniejący,1,BAD
3518,szybszy,1,CAB
3519,dołożyć,1,BCCA
3520,staranie,1,AEBAA
3521,wpaść,1,BAFAAAB
3522,associated,1,-
3523,press,1,-
3524,nieoficjalnie,1,FB
3525,opieszały,1,CAB
3526,chaotyczny,1,CAB
3527,zastrzelenie,1,AEBAA
3528,wyszkolenie,1,AEBAA
3529,dowodzenie,1,AEBAA
3530,specjalistyczny,1,CAB
3531,niezdecydowanie,1,AEBAA
3532,niegospodarność,1,ADCCA
3533,wskazany,1,BAAFA
3534,dziwić się,1,-
3535,operacyjny,1,CAB
3536,słabo,1,FA
3537,obsadzony,1,BBCA
3538,niewykwalifikowany,1,CAB
3539,zmusić,1,BBCA
3540,podejmowanie,1,AEBAA
3541,faza,1,ADAAA
3542,zaniedbanie,1,AEBAA
3543,wytknięty,1,BAEAA
3544,ostrzeganie,1,AEBAA
3545,rejestracyjny,1,CAB
3546,używanie,1,AEBAA
3547,podejrzany,1,AAEC
3548,wykazać,1,BAAFA
3549,spedycja,1,ADACBAA
3550,udostępnianie,1,AEBAA
3551,organ,1,ACAAAAA
3552,idnywidualnymi,1,-
3553,celny,1,CAB
3554,zamawiany,1,BDA
3555,mogący,1,CAA
3556,zgodnie,1,FB
3557,osobowy,1,ACC
3558,uniewinnienie,1,AEBAA
3559,powodowany,1,BAAA
3560,konieczność,1,ADCCA
3561,wysłanie,1,AEBAA
3562,prawodawstwo,1,AEAAAB
3563,najwyraźniej,1,FC
3564,zadeklarowany,1,BAAA
3565,behringu,1,-
3566,posiadacz,1,AAABD
3567,fanie,1,-
3568,komputerowy,1,CAB
3569,magazyn,1,ACAAAAA
3570,palny,1,CAB
3571,amerykanin,1,-
3572,kojarzony,1,CAB
3573,jednoznacznie,1,FB
3574,kojarzący,1,CAA
3575,posunąć,1,BAEAB
3576,równocześnie,1,FB
3577,antyrządowy,1,CAB
3578,doskonały,1,CAB
3579,związać,1,BAAFA
3580,zgromadzony,1,BBCA
3581,wrażliwy,1,CAB
3582,chroniony,1,BBCA
3583,kaida,1,-
3584,talibowie,1,-
3585,skupisko,1,AEAAAA
3586,naturalny,1,CAB
3587,odizolowany,1,BAAA
3588,bombaj,1,-
3589,połączyć,1,BCCA
3590,hotel,1,ACACAA
3591,uderzyć,1,BCCA
3592,bezpośrednio,1,FC
3593,mała,1,ADACCBA
3594,przedszkole,1,AEBAC
3595,czeczeński,1,-
3596,miasteczko,1,AEAAAA
3597,biesłan,1,-
3598,aktywny,1,CAB
3599,powiązać,1,BAAFA
3600,którąś,1,-
3601,wyrzucenie,1,AEBAA
3602,wulgarnie,1,FB
3603,były,1,BEA
3604,pani,1,ADBAA
3605,zwrotny,1,CAB
3606,zastrzyk,1,ACABA
3607,trucizna,1,ADAAA
3608,fbi,1,-
3609,radykalnie,1,FB
3610,wzmocnić,1,BBCB
3611,rozbijać,1,BDA
3612,agresywny,1,CAB
3613,praktycznie,1,FB
3614,nieznany,1,CAB
3615,ukrainie,1,-
3616,przeważnie,1,FB
3617,czarny,1,CAB
3618,kolor,1,ACAAAAA
3619,kampania,1,ADACBAA
3620,demonstracja,1,ADACBAA
3621,interpol,1,-
3622,kontrwywiad,1,ACAAAAA
3623,sprowokować,1,BAAA
3624,sięgnięcie,1,AEBAA
3625,świeży,1,CAA
3626,david,1,-
3627,robot,1,ABABAAA
3628,zamieszkany,1,BDA
3629,uczęszczany,1,BDA
3630,potrójny,1,CAB
3631,dożywocie,1,AEBAC
3632,sama,1,EDAAB
3633,rosnący,1,CAA
3634,doroczny,1,CAB
3635,nawiązywać,1,BAAB
3636,prawdopodobny,1,CAB
3637,scenariusz,1,ACACBBA
3638,podziać,1,BAFBD
3639,pomocniczy,1,CAA
3640,krakowski,1,CBA
3641,grzegorz,1,-
3642,brzydko,1,FA
3643,głośno,1,FA
3644,argument,1,ACAAAAA
3645,uwikłany,1,BDA
3646,pokusa,1,ADAAA
3647,tischner,1,-
3648,koniecznie,1,FB
3649,gospodarka,1,ADAB
3650,itd,1,-
3651,wystarczać,1,BDA
3652,funkcja,1,ADACBAA
3653,głoszenie,1,AEBAA
3654,sakrament,1,ACAAAAA
3655,budowanie,1,AEBAA
3656,narzędzie,1,AEBAC
3657,mocniejszy,1,CAB
3658,przepraszać,1,BDA
3659,miesięcznik,1,ACABBA
3660,nominacja,1,ADACBAA
3661,biskupi,1,AAADAA
3662,rysi,1,CBB
3663,episkopat,1,ACAAAAA
3664,zamierzać,1,BDA
3665,podział,1,BAFBD
3666,tropienie,1,AEBAA
3667,obdarzony,1,CAB
3668,obowiązek,1,ACABA
3669,bronienie,1,AEBAA
3670,omnes,1,-
3671,najświeższy,1,CAB
3672,nazywanie,1,AEBAA
3673,dariusz,1,-
3674,iść,1,BAFCAA
3675,głupiec,1,AAACAAAA
3676,wykorzystywać,1,BAAB
3677,wciskać,1,BDA
3678,polecać,1,BDA
3679,oburzenie,1,AEBAA
3680,profil,1,ACACAA
3681,skłaniać,1,BDA
3682,chrześcijaństwo,1,AEAAAB
3683,fundamentalizmy,1,-
3684,laicki,1,CBA
3685,jan,1,-
3686,encyklika,1,ADAB
3687,centesimus,1,-
3688,annus,1,-
3689,fanatyzm,1,ACAAAAA
3690,fundamentalizmu,1,-
3691,uważający,1,BDA
3692,naukowy,1,CAB
3693,uprawniony,1,BBCB
3694,narzucanie,1,AEBAA
3695,koncepcja,1,ADACBAA
3696,adam,1,-
3697,odwrót,1,ACAAAAA
3698,rozsądzić,1,BBCA
3699,rozegrać,1,BDA
3700,osadzenie,1,AEBAA
3701,nierzadko,1,FC
3702,jedzienia,1,-
3703,wypełniać,1,BDA
3704,obowiązkowy,1,CAB
3705,formularz,1,ACACBBA
3706,przejęcie,1,AEBAA
3707,błąd,1,ACAAAAAB
3708,proceduralny,1,CAB
3709,meczet,1,ACAAAAA
3710,norwega,1,-
3711,porucznik,1,AAACBA
3712,planowanie,1,AEBAA
3713,gromadzić,1,BBCA
3714,sporządzić,1,BBCA
3715,fragment,1,ACAAAAA
3716,reprezentowany,1,BAAA
3717,mariusa,1,-
3718,emberlanda,1,-
3719,stosowany,1,BAAA
3720,strażnica,1,ADACABB
3721,zdjąć,1,BAFCB
3722,odwrócić,1,BBCA
3723,prawy,1,CAB
3724,nazistowski,1,CBA
3725,kojarzyć,1,BCCA
3726,ból,1,BBB
3727,oddzielny,1,CAB
3728,trening,1,ACABA
3729,częstszy,1,CAB
3730,uczestniczenie,1,AEBAA
3731,wizyta,1,ADAAA
3732,wolontariusz,1,AAABD
3733,kategorycznie,1,FB
3734,odmawiać,1,BDA
3735,psychologiem,1,-
3736,ponawiany,1,BDA
3737,znosić,1,BBCA
3738,egzamin,1,ACAAAAA
3739,kurs,1,ACAAAAA
3740,reprezentujący,1,BAAA
3741,adele,1,-
3742,prywatności,1,-
3743,prowadzony,1,BBCA
3744,socjalista,1,AABDAA
3745,otrzymany,1,BDA
3746,zatrzymana,1,ADACCBA
3747,łączny,1,CAB
3748,pokój,1,ACACAA
3749,pomieszczenie,1,AEBAA
3750,rekreacja,1,ADACBAA
3751,treningowy,1,CAB
3752,jesień,1,ADCAAA
3753,przyrządzać,1,BDA
3754,posiłek,1,ACABA
3755,transmisja,1,ADACBAA
3756,wykluczyć,1,BCCA
3757,odrzucony,1,BBCA
3758,podszyty,1,BAFB
3759,paraliżować,1,BAAA
3760,napędzać,1,BDA
3761,doskonale,1,FB
3762,netflixa,1,-
3763,makabryczny,1,CAB
3764,niezapomniany,1,CAB
3765,świadomość,1,ADCCA
3766,ocalać,1,BDA
3767,otrzymanie,1,AEBAA
3768,ukazany,1,BAAFA
3769,paula,1,-
3770,greengrassa,1,-
3771,reżyser,1,AAACAAAB
3772,bourne,1,-
3773,pojawiający się,1,-
3774,wyciągać,1,BDA
3775,przyświecać,1,BDA
3776,viljarowi,1,-
3777,hanssenowi,1,-
3778,negatywny,1,CAB
3779,wrocławiu,1,-
3780,emotions,1,-
3781,motion,1,-
3782,aktywizować,1,BAAA
3783,nadzieja,1,ADACBAA
3784,rekonwalescencja,1,ADACBAA
3785,nieśmiały,1,CAB
3786,odnaleźć,1,BAFCAA
3787,sport,1,ACAAAAA
3788,prelekcja,1,ADACBAA
3789,polaryzacja,1,ADACBAA
3790,przeciwstawienie,1,AEBAA
3791,ludzki,1,CBA
3792,spróbować,1,BAAA
3793,viljara,1,-
3794,hanssena,1,-
3795,prelegent,1,AAADAA
3796,taca,1,ADACABB
3797,legenda,1,ADAAA
3798,rap,1,ABABAAA
3799,waldemar,1,-
3800,kasta,1,ADAAA
3801,artists,1,-
3802,manager,1,AAACAAAB
3803,show,1,ACF
3804,filip,1,-
3805,mecner,1,-
3806,ekstremę,1,-
3807,tomasz,1,-
3808,bielecki,1,-
3809,opłakiwany,1,BAAC
3810,padły,1,CAB
3811,jednoczyć,1,BCCA
3812,ujawnianie,1,AEBAA
3813,afera,1,ADAAA
3814,pedofilskich,1,-
3815,krzywda,1,ADAAA
3816,bezdyskusyjnie,1,FB
3817,ważniejszy,1,CAB
3818,skandynawscy,1,-
3819,uzasadniać,1,BDA
3820,biznesowych,1,-
3821,wstrząśnięty,1,BAEAA
3822,skrzydło,1,AEAAAB
3823,spolaryzowany,1,BAAA
3824,duńczycy,1,-
3825,szwedzi,1,-
3826,duchowy,1,CAB
3827,wedle,1,-
3828,naszej,1,-
3829,ekstremum,1,AED
3830,wyznawca,1,AABCBB
3831,mizerny,1,CAB
3832,przypuszczać,1,BDA
3833,przerażać,1,BDA
3834,wypisany,1,BAAFA
3835,rozdawany,1,BAAE
3836,lewa,1,ABABAAA
3837,wizytówka,1,ADAB
3838,przetrwać,1,BDA
3839,ciastko,1,AEAAAA
3840,kristin,1,-
3841,halvorsen,1,-
3842,debatowanie,1,AEBAA
3843,prognozować,1,BAAA
3844,polityczno,1,-
3845,następstwo,1,AEAAAB
3846,wytrwać,1,BDA
3847,naiwny,1,CAB
3848,zarazem,1,FC
3849,troska,1,ADABA
3850,niemały,1,CAB
3851,ciągły,1,CAB
3852,zwiększanie,1,AEBAA
3853,przypatrywanie się,1,-
3854,przestępczy,1,CAA
3855,bilans,1,ACACACA
3856,pozbycie,1,-
3857,wybuchać,1,BDA
3858,zniszczenie,1,AEBAA
3859,zanotować,1,BAAA
3860,odsłona,1,-
3861,obchodzić,1,BBCA
3862,siódmy,1,CAB
3863,urodzić,1,BBCA
3864,progresywny,1,CAB
3865,zawrzeć,1,BABA
3866,załączyć,1,BCCA
3867,opis,1,ACAAAAA
3868,liberalizm,1,ACAAAAA
3869,wielokulturowość,1,-
3870,zamierzający,1,BDA
3871,przejąć,1,BAFCB
3872,zaprowadzić,1,BBCA
3873,krajowy,1,CAB
3874,piętnasta,1,ADACCBA
3875,podłożony,1,CAB
3876,ucieczka,1,ADAB
3877,regularnie,1,FB
3878,echo,1,AEAAAA
3879,niehumanitarnych,1,-
3880,zamiar,1,ACAAAAA
3881,ujawniać,1,BDA
3882,dokumentalista,1,AABDAA
3883,zajmować,1,BAAA
3884,abc,1,-
3885,nyheter,1,-
3886,rutynowy,1,CAB
3887,wetzlar,1,-
3888,koło,1,AEAAAB
3889,frankfurtu,1,-
3890,menem,1,-
3891,uzbrojenie,1,AEBAA
3892,zarekwirować,1,BAAA
3893,sprawny,1,CAB
3894,zdarzenie,1,AEBAA
3895,ren,1,ABABAAA
3896,systematycznie,1,FB
3897,edukacja,1,ADACBAA
3898,blokować,1,BAAA
3899,administracja,1,ADACBAA
3900,zapłacić,1,BBCA
3901,zakazywać,1,BAAB
3902,prysznic,1,ACACBC
3903,trzypokojowy,1,CAB
3904,mieszkanie,1,AEBAA
3905,gabinet,1,ACAAAAA
3906,stomatologiczny,1,CAB
3907,blogerzy,1,-
3908,zapisek,1,ACABA
3909,uważnie,1,FB
3910,stronnicowym,1,-
3911,popularność,1,ADCCA
3912,najczęściej,1,FC
3913,amerykan,1,ABABAAA
3914,pamela,1,-
3915,poddana,1,ADACCBA
3916,ostracyzm,1,ACAAAAA
3917,autorka,1,ADAB
3918,bestseller,1,ACAABAA
3919,miesięcznie,1,FB
3920,seks,1,ACAAAAA
3921,koza,1,ADAAA
3922,zamieścić,1,BBCA
3923,podobizna,1,ADAAA
3924,świński,1,CBA
3925,ryć,1,AEBAA
3926,serbów,1,-
3927,bośni,1,-
3928,obama,1,-
3929,sfałszować,1,BAAA
3930,urodzenie,1,AEBAA
3931,amerykaninem,1,-
3932,Arab,1,AAAAAA
3933,gaz,1,ACAAAAA
3934,przynajmniej,1,FC
3935,solidnie,1,FB
3936,bombardować,1,BAAA
3937,robertem,1,-
3938,spencerem,1,-
3939,popularny,1,CAB
3940,ameryk,1,ACABA
3941,pomyślenie,1,AEBAA
3942,wzmianka,1,ADAB
3943,islamsko,1,-
3944,machina,1,ADAAA
3945,propagandowy,1,CAB
3946,wytrwale,1,FB
3947,edukować,1,BAAA
3948,cytat,1,ACAAAAA
3949,wypowiadać,1,BDA
3950,pozytywnie,1,FB
3951,obamie,1,-
3952,współwinny,1,AAEC
3953,śmieszny,1,CAB
3954,podżegać,1,BDA
3955,rasista,1,AABDAA
3956,pomylić,1,BBCA
3957,spencera,1,-
3958,odezwać się,1,-
3959,beatles,1,AAADAA
3960,seryjny,1,CAB
3961,charles,1,-
3962,manson,1,-
3963,piosenka,1,ADAB
3964,wykorzystywany,1,BAAB
3965,zdyskredytować,1,BAAA
3966,dżihadowi,1,-
3967,supremacja,1,ADACBAA
3968,antymuzułmańskich,1,-
3969,the,1,-
3970,new,1,-
3971,york,1,-
3972,times,1,-
3973,marc,1,-
3974,sageman,1,-
3975,oficer,1,AAAAAA
3976,cia,1,-
3977,konsultant,1,AAADAA
3978,myśliciel,1,AAABCA
3979,kaidę,1,-
3980,pisarstwo,1,AEAAAB
3981,taka,1,-
3982,jakiej,1,-
3983,zostawać,1,BAAE
3984,wymieniać,1,BDA
3985,blog,1,-
3986,little,1,-
3987,green,1,-
3988,footballs,1,-
3989,antyislamskie,1,-
3990,sentyment,1,ACAAAAA
3991,dżazira,1,-
3992,przepisany,1,BAAFA
3993,amerykanina,1,-
3994,kaczynskiego,1,-
3995,bloger,1,-
3996,gates,1,-
3997,vienna,1,-
3998,wyłączyć,1,BCCA
3999,antymuzułmańskie,1,-
4000,tyrada,1,ADAAA
4001,początkowo,1,FC
4002,wpadka,1,ADAB
4003,michelle,1,-
4004,komentatorka,1,ADAB
4005,fox,1,-
4006,news,1,-
4007,rozpisywać,1,BAAB
4008,złowrogi,1,CBA
4009,krekarze,1,-
4010,wygrażać,1,BDA
4011,ojczyzna,1,ADAAA
4012,profesor,1,AAAAAA
4013,nitze,1,-
4014,johna,1,-
4015,hopkinsa,1,-
4016,konkluzja,1,ADACBAA
4017,odpisać,1,BAAFA
4018,dzielić,1,BBCA
4019,oświecić,1,BBCA
4020,groźba,1,ADAAA
4021,krekar,1,-
4022,terroryzować,1,BAAA
4023,washington,1,-
4024,post,1,ACAAAAA
4025,czujnie,1,FB
4026,okrąg,1,ACABA
4027,telemark,1,-
4028,uzasadnienie,1,AEBAA
4029,brakować,1,BAAA
4030,empatii,1,-
4031,odwołanie,1,AEBAA
4032,niecały,1,CAB
4033,niedaleki,1,CBA
4034,maleńka,1,ADACCBB
4035,nocować,1,BAAA
4036,g,1,-
4037,odetchnąć,1,BAEAA
4038,ulga,1,ADAB
4039,wjechać,1,BAAFA
4040,strzelba,1,ADAAA
4041,ap,1,-
4042,wskoczyć,1,BCCA
4043,schować,1,BDA
4044,podchodzić,1,BBCA
4045,niesamowicie,1,FC
4046,odpowiednio,1,FA
4047,tvn,1,-
4048,jerzy,1,-
4049,dziewulski,1,-
4050,antyterrorysta,1,-
4051,antyterrorystycznymi,1,-
4052,przebiec,1,BAFAAB
4053,zatrzymanie,1,AEBAA
4054,najtrudniejszy,1,CAB
4055,evy,1,-
4056,magdalena,1,-
4057,kierujący,1,BAAA
4058,dokumentujący,1,BAAA
4059,poranny,1,CAB
4060,wypełniony,1,BBCA
4061,jonasa,1,-
4062,gahra,1,-
4063,store,1,-
4064,paradoks,1,ACAAAAA
4065,doświadczać,1,BDA
4066,najmocniej,1,FC
4067,dyrektorka,1,ADAB
4068,powiadomić,1,BBCA
4069,upływający,1,BDA
4070,mierzyć,1,BCCA
4071,zaczynać,1,BDA
4072,tamta,1,EDAAB
4073,muzeum,1,AED
4074,prezentowany,1,BAAA
4075,resztka,1,ADAB
4076,pamiątka,1,ADAB
4077,przeciwstawiać,1,BDA
4078,spiskowy,1,CAB
4079,oznajmić,1,BBCB
4080,rama,1,ADAAA
4081,tegoroczny,1,CAB
4082,poszkodowana,1,ADACCBA
4083,trakt,1,ACAAAAA
4084,ariany,1,-
4085,grande,1,-
4086,manchesterze,1,-
4087,dwoje,1,DDA
4088,polaków,1,-
4089,impreza,1,ADAAA
4090,pośrednictwo,1,AEAAAB
4091,paryża,1,-
4092,madrytu,1,-
4093,powoli,1,FC
4094,epizod,1,ACAAAAA
4095,historyczny,1,CAB
4096,wspomnienie,1,AEBAA
4097,najwięcej,1,FC
4098,najpilniej,1,FC
4099,przewidywać,1,BAAB
4100,mateusz,1,-
4101,gąsiorowski,1,-
4102,ucieleśnienie,1,AEBAA
4103,lone,1,-
4104,wolf,1,-
4105,protoplasta,1,AABDAA
4106,nowożytny,1,CAB
4107,wskazówka,1,ADAB
4108,zawarty,1,CAB
4109,drogowskaz,1,ACAAAAA
4110,dorobek,1,ACABA
4111,zaczerpnąć,1,BAEAA
4112,analizować,1,BAAA
4113,lewicowo,1,-
4114,zamiłowanie,1,AEBAA
4115,doktryna,1,ADAAA
4116,monarchia,1,ADACBAA
4117,feminizm,1,ACAAAAA
4118,frankfurckiej,1,-
4119,poddawany,1,BAAE
4120,ksenofobiczna,1,-
4121,rasistowski,1,CBA
4122,innowierca,1,AABCBB
4123,problematyka,1,ADAB
4124,dysfunkcyjności,1,-
4125,european,1,-
4126,declaration,1,-
4127,independence,1,-
4128,bierność,1,ADCCA
4129,migracja,1,ADACBAA
4130,literatura,1,ADAAA
4131,pomijać,1,BDA
4132,poniższy,1,CAB
4133,odegrać,1,BDA
4134,rola,1,ADACBABA
4135,autorytarnej,1,-
4136,wczesny,1,CAB
4137,niewątpliwie,1,FB
4138,los,1,ACAAAAA
